create database empresa;
use empresa;
create table ususario(
idusuario int primary key auto_increment,
nombre varchar(50),
apellidopaterno varchar(50),
apellidomaterno varchar(50),
contrasenia varchar(20));

create table alumno(
idalumno int primary key auto_increment,
numerocontrol int, 
nombre varchar(50),
apellidopaterno varchar(50),
apellidomaterno varchar(50),
fechanac varchar(30),
domicilio varchar(50),
email varchar(40),
sexo varchar(15),
fkcodigoestado varchar(3),
fkciudad varchar(50)
); 



select*from alumno;

insert into alumno values(null, 34567,'Carmen','Ramirez','Perez','1998-09-08','Progreso 36','ramirez@gmail.com','Femenino','JAL','Acatic');
insert into alumno values(null, 34567,'Brenda','Ramirez','Perez','1998-09-08','Progreso 36','ramirez@gmail.com','Femenino','JAL','Acatic');


drop table alumno;

create table estados(
codigo varchar(3) primary key,
nombre varchar(50));

DELETE FROM estados where nombre='Zacatecas';

create table ciudades(
codigociudad int primary key auto_increment,
nombre varchar(50),
fk_estado varchar(3),
foreign key (fk_estado) references estados(codigo));

#REGION iNSERT ESTADOS
Insert into estados values('AGU','Aguascalientes');
Insert into estados values('BCN','Baja California');
Insert into estados values('BCS','Baja California Sur');
Insert into estados values('CAM','Campeche');
Insert into estados values('CHP','Chiapas');
Insert into estados values('CHH','Chihuahua');
Insert into estados values('CMX6​','Ciudad de México');
Insert into estados values('COA','Coahuila');
Insert into estados values('COL','Colima');
Insert into estados values('DUR','Durango');
Insert into estados values('GUA','Guanajuato');
Insert into estados values('GRO','Guerrero');
Insert into estados values('HID','Hidalgo');
Insert into estados values('JAL','Jalisco');
Insert into estados values('MEX','México');
Insert into estados values('MIC','Michoacán');
Insert into estados values('MOR','Morelos');
Insert into estados values('NAY','Nayarit');
Insert into estados values('NLE','Nuevo León');
Insert into estados values('OAX','Oaxaca');
Insert into estados values('PUE','Puebla');
Insert into estados values('QUE','Querétaro');
Insert into estados values('ROO','Quintana Roo');
Insert into estados values('SLP','San Luis Potosí');
Insert into estados values('SIN','Sinaloa');
Insert into estados values('SON','Sonora');
Insert into estados values('TAB','Tabasco');
Insert into estados values('TAM','Tamaulipas');
Insert into estados values('TLA','Tlaxcala');
Insert into estados values('VER','Veracruz');
Insert into estados values('YUC','Yucatán');
Insert into estados values('ZAC','Zacatecas');
#END REGION


#REGION INSERT MUNICIPIOS
#REGION AGUASCALIENTES
Insert into ciudades values(null,'Aguascalientes','AGU');
Insert into ciudades values(null,'Asientos','AGU');
Insert into ciudades values(null,'Calvillo','AGU');
Insert into ciudades values(null,'Cosío','AGU');
Insert into ciudades values(null,'Jesús Maria','AGU');
Insert into ciudades values(null,'Pabellón de Arteaga','AGU');
Insert into ciudades values(null,'Rincón de Romos','AGU');
Insert into ciudades values(null,'San José de Gracia','AGU');
Insert into ciudades values(null,'Tepezalá','AGU');
Insert into ciudades values(null,'San Francisco de los Romo','AGU');
Insert into ciudades values(null,'El Llano ','AGU');

#END REGION
#REGION BAJA CALIFORNIA
Insert into ciudades values(null,'Mexicali','BCN');
Insert into ciudades values(null,'Ensenada','BCN');
Insert into ciudades values(null,'Playas de Rosarito','BCN');
Insert into ciudades values(null,'Tecate','BCN');
Insert into ciudades values(null,'Tijuana','BCN');

#END REGION
#REGION BAJA CAL SUR
Insert into ciudades values(null,'La Paz','BCS');
Insert into ciudades values(null,'Comondú','BCS');
Insert into ciudades values(null,'Loreto','BCS');
Insert into ciudades values(null,'Los Cabos','BCS');
Insert into ciudades values(null,'Mulegé','BCS');

#END REGION
#REGION CAMPECHE
Insert into ciudades values(null,'Calakmul','CAM');
Insert into ciudades values(null,'Calkiní','CAM');
Insert into ciudades values(null,'Campeche','CAM');
Insert into ciudades values(null,'Candelaria','CAM');
Insert into ciudades values(null,'Carmen','CAM');
Insert into ciudades values(null,'Champotón','CAM');
Insert into ciudades values(null,'Escárcega','CAM');
Insert into ciudades values(null,'Hecelchakán','CAM');
Insert into ciudades values(null,'Hopelchén','CAM');
Insert into ciudades values(null,'Palizada','CAM');
Insert into ciudades values(null,'Tenabo','CAM');

#END REGION
#REGION CHIAPAS
Insert into ciudades values(null,'Acacoyagua','CHP');
Insert into ciudades values(null,'Acala','CHP');
Insert into ciudades values(null,'Acapetahua','CHP');
Insert into ciudades values(null,'Aldama','CHP');
Insert into ciudades values(null,'Altamirano','CHP');
Insert into ciudades values(null,'Amatán','CHP');
Insert into ciudades values(null,'Amatenango de la Frontera','CHP');
Insert into ciudades values(null,'Amatenango del Valle','CHP');
Insert into ciudades values(null,'Ángel Albino Corzo','CHP');
Insert into ciudades values(null,'Arriaga','CHP');
Insert into ciudades values(null,'Bejucal de Ocampo','CHP');
Insert into ciudades values(null,'Bella Vista','CHP');
Insert into ciudades values(null,'Benemérito de las Américas','CHP');
Insert into ciudades values(null,'Berriozábal','CHP');
Insert into ciudades values(null,'Bochil','CHP');
Insert into ciudades values(null,'Cacahoatán','CHP');
Insert into ciudades values(null,'Chalchihuitán','CHP');
Insert into ciudades values(null,'Chamula','CHP');
Insert into ciudades values(null,'Chanal','CHP');
Insert into ciudades values(null,'Chapultenango','CHP');
Insert into ciudades values(null,'Catazajá','CHP');
Insert into ciudades values(null,'Chenalhó','CHP');
Insert into ciudades values(null,'Chiapa de Corzo','CHP');
Insert into ciudades values(null,'Chiapilla','CHP');
Insert into ciudades values(null,'Chicoasén','CHP');
Insert into ciudades values(null,'Chicomosuelo','CHP');
Insert into ciudades values(null,'Cintalpa','CHP');
Insert into ciudades values(null,'Chilón','CHP');
Insert into ciudades values(null,'Coapilla','CHP');
Insert into ciudades values(null,'Comitán de Domínguez','CHP');
Insert into ciudades values(null,'Copainalá','CHP');
Insert into ciudades values(null,'El Bosque','CHP');
Insert into ciudades values(null,'El Porvenir','CHP');
Insert into ciudades values(null,'Escuintla','CHP');
Insert into ciudades values(null,'Francisco León','CHP');
Insert into ciudades values(null,'Frontera Comalapa','CHP');
Insert into ciudades values(null,'Frontera Hidalgo','CHP');
Insert into ciudades values(null,'Huehuetán','CHP');
Insert into ciudades values(null,'Huitiupán','CHP');
Insert into ciudades values(null,'Huixtán','CHP');
Insert into ciudades values(null,'Huixtla','CHP');
Insert into ciudades values(null,'Ixhuatán','CHP');
Insert into ciudades values(null,'Ixtacomitán','CHP');
Insert into ciudades values(null,'Ixtapa','CHP');
Insert into ciudades values(null,'Ixtapangajoya','CHP');
Insert into ciudades values(null,'Jiquipilas','CHP');
Insert into ciudades values(null,'Jitotol','CHP');
Insert into ciudades values(null,'Juárez','CHP');
Insert into ciudades values(null,'La Concordia','CHP');
Insert into ciudades values(null,'La Grandeza','CHP');
Insert into ciudades values(null,'La Independencia','CHP');
Insert into ciudades values(null,'La Libertad','CHP');
Insert into ciudades values(null,'La Trinitaria','CHP');
Insert into ciudades values(null,'Larráinzar','CHP');
Insert into ciudades values(null,'Las Margaritas','CHP');
Insert into ciudades values(null,'Las Rosas','CHP');
Insert into ciudades values(null,'Mapastepec','CHP');
Insert into ciudades values(null,'Maravilla Tenejapa','CHP');
Insert into ciudades values(null,'Marqués de Comillas','CHP');
Insert into ciudades values(null,'Mazapa de Madero','CHP');
Insert into ciudades values(null,'Mazatán','CHP');
Insert into ciudades values(null,'Metapa','CHP');
Insert into ciudades values(null,'Mitontic','CHP');
Insert into ciudades values(null,'Montecristo de Guerrero','CHP');
Insert into ciudades values(null,'Motozintla','CHP');
Insert into ciudades values(null,'Nicolás Ruíz','CHP');
Insert into ciudades values(null,'Ocosingo','CHP');
Insert into ciudades values(null,'Ocotepec','CHP');
Insert into ciudades values(null,'Ocozocoautla de Espinosa','CHP');
Insert into ciudades values(null,'Ostuacán','CHP');
Insert into ciudades values(null,'Osumacinta','CHP');
Insert into ciudades values(null,'Oxchuc','CHP');
Insert into ciudades values(null,'Palenque','CHP');
Insert into ciudades values(null,'Pantelhó','CHP');
Insert into ciudades values(null,'Pantepec','CHP');
Insert into ciudades values(null,'Pichucalco','CHP');
Insert into ciudades values(null,'Pijijiapan','CHP');
Insert into ciudades values(null,'Pueblo Nuevo Solistahuacán','CHP');
Insert into ciudades values(null,'Rayón','CHP');
Insert into ciudades values(null,'Reforma','CHP');
Insert into ciudades values(null,'Sabanilla','CHP');
Insert into ciudades values(null,'Salto de Agua','CHP');
Insert into ciudades values(null,'San Andrés Duraznal','CHP');
Insert into ciudades values(null,'San Cristóbal de las Casas','CHP');
Insert into ciudades values(null,'San Fernando','CHP');
Insert into ciudades values(null,'San Juan Cancuc','CHP');
Insert into ciudades values(null,'San Lucas','CHP');
Insert into ciudades values(null,'Santiago el Pinar','CHP');
Insert into ciudades values(null,'Siltepec','CHP');
Insert into ciudades values(null,'Simojovel','CHP');
Insert into ciudades values(null,'Sitalá','CHP');
Insert into ciudades values(null,'Socoltenango','CHP');
Insert into ciudades values(null,'Solosuchiapa','CHP');
Insert into ciudades values(null,'Soyaló','CHP');
Insert into ciudades values(null,'Suchiapa','CHP');
Insert into ciudades values(null,'Suchiate','CHP');
Insert into ciudades values(null,'Sunuapa','CHP');
Insert into ciudades values(null,'Tapachula','CHP');
Insert into ciudades values(null,'Tapalapa','CHP');
Insert into ciudades values(null,'Tapilula','CHP');
Insert into ciudades values(null,'Tecpatán','CHP');
Insert into ciudades values(null,'Tenejapa','CHP');
Insert into ciudades values(null,'Teopisca','CHP');
Insert into ciudades values(null,'Tila','CHP');
Insert into ciudades values(null,'Tonalá','CHP');
Insert into ciudades values(null,'Totolapa','CHP');
Insert into ciudades values(null,'Tumbalá','CHP');
Insert into ciudades values(null,'Tuxtla Chico','CHP');
Insert into ciudades values(null,'Tuxtla Gutiérrez','CHP');
Insert into ciudades values(null,'Tuzantán','CHP');
Insert into ciudades values(null,'Tzimol','CHP');
Insert into ciudades values(null,'Unión Juárez','CHP');
Insert into ciudades values(null,'Venustiano Carranza','CHP');
Insert into ciudades values(null,'Villa Comaltitlán','CHP');
Insert into ciudades values(null,'Villa Corzo','CHP');
Insert into ciudades values(null,'Villaflores','CHP');
Insert into ciudades values(null,'Yajalón','CHP');
Insert into ciudades values(null,'Zinacantán','CHP');

#END REGION
#REGION CHIHUAHUA
Insert into ciudades values(null,'Ahumada','CHH');
Insert into ciudades values(null,'Aldama','CHH');
Insert into ciudades values(null,'Allende','CHH');
Insert into ciudades values(null,'Aquiles Serdán','CHH');
Insert into ciudades values(null,'Ascensión','CHH');
Insert into ciudades values(null,'Bachíniva','CHH');
Insert into ciudades values(null,'Balleza','CHH');
Insert into ciudades values(null,'Batopilas','CHH');
Insert into ciudades values(null,'Bocoyna','CHH');
Insert into ciudades values(null,'Buenaventura','CHH');
Insert into ciudades values(null,'Camargo','CHH');
Insert into ciudades values(null,'Carichí','CHH');
Insert into ciudades values(null,'Casas Grandes','CHH');
Insert into ciudades values(null,'Chihuahua','CHH');
Insert into ciudades values(null,'Chínipas','CHH');
Insert into ciudades values(null,'Coronado','CHH');
Insert into ciudades values(null,'Coyame del Sotol','CHH');
Insert into ciudades values(null,'Cuauhtémoc','CHH');
Insert into ciudades values(null,'Cusihuiriachi','CHH');
Insert into ciudades values(null,'Delicias','CHH');
Insert into ciudades values(null,'Dr. Belisario Domínguez','CHH');
Insert into ciudades values(null,'El Tule','CHH');
Insert into ciudades values(null,'Galeana','CHH');
Insert into ciudades values(null,'Gómez Farías','CHH');
Insert into ciudades values(null,'Gran Morelos','CHH');
Insert into ciudades values(null,'Guachochi','CHH');
Insert into ciudades values(null,'Guadalupe D.B.','CHH');
Insert into ciudades values(null,'Guadalupe y Calvo','CHH');
Insert into ciudades values(null,'Guazapares','CHH');
Insert into ciudades values(null,'Guerrero','CHH');
Insert into ciudades values(null,'Hidalgo del Parral','CHH');
Insert into ciudades values(null,'Huejoitán','CHH');
Insert into ciudades values(null,'Ignacio Zaragoza','CHH');
Insert into ciudades values(null,'Janos','CHH');
Insert into ciudades values(null,'Jiménez','CHH');
Insert into ciudades values(null,'Juárez','CHH');
Insert into ciudades values(null,'Julimes','CHH');
Insert into ciudades values(null,'La Cruz','CHH');
Insert into ciudades values(null,'López','CHH');
Insert into ciudades values(null,'Madera','CHH');
Insert into ciudades values(null,'Maguarichi','CHH');
Insert into ciudades values(null,'Manuel Benavides','CHH');
Insert into ciudades values(null,'Matachí','CHH');
Insert into ciudades values(null,'Matamoros','CHH');
Insert into ciudades values(null,'Meoqui','CHH');
Insert into ciudades values(null,'Morelos','CHH');
Insert into ciudades values(null,'Moris','CHH');
Insert into ciudades values(null,'Namiquipa','CHH');
Insert into ciudades values(null,'Nonoava','CHH');
Insert into ciudades values(null,'Nuevo Casas Grandes','CHH');
Insert into ciudades values(null,'Ocampo','CHH');
Insert into ciudades values(null,'Ojinaga','CHH');
Insert into ciudades values(null,'Praxedis G. Guerrero','CHH');
Insert into ciudades values(null,'Riva Palacio','CHH');
Insert into ciudades values(null,'Rosales','CHH');
Insert into ciudades values(null,'Rosario','CHH');
Insert into ciudades values(null,'San Francisco de Borja','CHH');
Insert into ciudades values(null,'San Francisco de Conchos','CHH');
Insert into ciudades values(null,'San Francisco del Oro','CHH');
Insert into ciudades values(null,'Santa Bárabara','CHH');
Insert into ciudades values(null,'Santa Isabel','CHH');
Insert into ciudades values(null,'Satevó','CHH');
Insert into ciudades values(null,'Saucillo','CHH');
Insert into ciudades values(null,'Temósachi','CHH');
Insert into ciudades values(null,'Urique','CHH');
Insert into ciudades values(null,'Uriachi','CHH');
Insert into ciudades values(null,'Valle de Zaragoza','CHH');

#END REGION
#REGION CDMX
Insert into ciudades values(null,'Álvaro Obregón','CMX6?');
Insert into ciudades values(null,'Azcapotzalco','CMX6?');
Insert into ciudades values(null,'Benito Juárez','CMX6?');
Insert into ciudades values(null,'Coyoacán','CMX6?');
Insert into ciudades values(null,'Cuajimalpa de Morelos','CMX6?');
Insert into ciudades values(null,'Cuauhtémoc','CMX6?');
Insert into ciudades values(null,'Gustavo A. Madero','CMX6?');
Insert into ciudades values(null,'Iztacalco','CMX6?');
Insert into ciudades values(null,'Iztapalapa','CMX6?');
Insert into ciudades values(null,'Magdalena Contreras','CMX6?');
Insert into ciudades values(null,'Miguel Hidalgo','CMX6?');
Insert into ciudades values(null,'Milpa Alta','CMX6?');
Insert into ciudades values(null,'Tláhuac','CMX6?');
Insert into ciudades values(null,'Tlalpan','CMX6?');
Insert into ciudades values(null,'Venustiano Carranza','CMX6?');
Insert into ciudades values(null,'Xochimilco','CMX6?');

#END REGION
#REGION COAHUILA
Insert into ciudades values(null,'Abasolo','COA');
Insert into ciudades values(null,'Acuña','COA');
Insert into ciudades values(null,'Allende','COA');
Insert into ciudades values(null,'Arteaga','COA');
Insert into ciudades values(null,'Candela','COA');
Insert into ciudades values(null,'Castaños','COA');
Insert into ciudades values(null,'Cuatrociénegas','COA');
Insert into ciudades values(null,'Escobedo','COA');
Insert into ciudades values(null,'Francisco I. Madero','COA');
Insert into ciudades values(null,'Frontera','COA');
Insert into ciudades values(null,'General Cepeda','COA');
Insert into ciudades values(null,'Guerrero','COA');
Insert into ciudades values(null,'Hidalgo','COA');
Insert into ciudades values(null,'Jiménez','COA');
Insert into ciudades values(null,'Juárez','COA');
Insert into ciudades values(null,'Lamadrid','COA');
Insert into ciudades values(null,'Matamoros','COA');
Insert into ciudades values(null,'Monclova','COA');
Insert into ciudades values(null,'Morelos','COA');
Insert into ciudades values(null,'Múzquiz','COA');
Insert into ciudades values(null,'Nadadores','COA');
Insert into ciudades values(null,'Nava','COA');
Insert into ciudades values(null,'Ocampo','COA');
Insert into ciudades values(null,'Parras','COA');
Insert into ciudades values(null,'Piedras Negras','COA');
Insert into ciudades values(null,'Progreso','COA');
Insert into ciudades values(null,'Ramos Arizpe','COA');
Insert into ciudades values(null,'Sabinas','COA');
Insert into ciudades values(null,'Sacramento','COA');
Insert into ciudades values(null,'Saltillo','COA');
Insert into ciudades values(null,'San Buenaventura','COA');
Insert into ciudades values(null,'San Juan de Sabinas','COA');
Insert into ciudades values(null,'San Pedro','COA');
Insert into ciudades values(null,'Sierra Mojada','COA');
Insert into ciudades values(null,'Torreón','COA');
Insert into ciudades values(null,'Viesca','COA');
Insert into ciudades values(null,'Villa Unión','COA');
Insert into ciudades values(null,'Zaragoza','COA');

#END REGION
#REGION COLIMA
Insert into ciudades values(null,'Armería','COL');
Insert into ciudades values(null,'Colima','COL');
Insert into ciudades values(null,'Comala','COL');
Insert into ciudades values(null,'Coquimatlán','COL');
Insert into ciudades values(null,'Cuauhtémoc','COL');
Insert into ciudades values(null,'Ixtlahuacán','COL');
Insert into ciudades values(null,'Manzanillo','COL');
Insert into ciudades values(null,'Minatitlán','COL');
Insert into ciudades values(null,'Tecomán','COL');
Insert into ciudades values(null,'Villa de Álvarez','COL');

#END REGION
#REGION DURANGO
Insert into ciudades values(null,'Canatlán','DUR');
Insert into ciudades values(null,'Canelas','DUR');
Insert into ciudades values(null,'Coneto de Comonfort','DUR');
Insert into ciudades values(null,'Cuencamé','DUR');
Insert into ciudades values(null,'Durango','DUR');
Insert into ciudades values(null,'El Oro','DUR');
Insert into ciudades values(null,'Gómez Palacio','DUR');
Insert into ciudades values(null,'Gral. Simón Bolívar','DUR');
Insert into ciudades values(null,'Guadalupe Victoria','DUR');
Insert into ciudades values(null,'Guanaceví','DUR');
Insert into ciudades values(null,'Hidalgo','DUR');
Insert into ciudades values(null,'Indé','DUR');
Insert into ciudades values(null,'Lerdo','DUR');
Insert into ciudades values(null,'Mapimí','DUR');
Insert into ciudades values(null,'Mezquital','DUR');
Insert into ciudades values(null,'Nazas','DUR');
Insert into ciudades values(null,'Nombre de Dios','DUR');
Insert into ciudades values(null,'Nuevo Ideal','DUR');
Insert into ciudades values(null,'Ocampo','DUR');
Insert into ciudades values(null,'Otáez','DUR');
Insert into ciudades values(null,'Pánuco de Coronado','DUR');
Insert into ciudades values(null,'Peñón Blanco','DUR');
Insert into ciudades values(null,'Poanas','DUR');
Insert into ciudades values(null,'Pueblo Nuevo','DUR');
Insert into ciudades values(null,'Rodeo','DUR');
Insert into ciudades values(null,'San Bernardo','DUR');
Insert into ciudades values(null,'San Dimas','DUR');
Insert into ciudades values(null,'San Juan de Guadalupe','DUR');
Insert into ciudades values(null,'San Juan del Río','DUR');
Insert into ciudades values(null,'San Luis del Cordero','DUR');
Insert into ciudades values(null,'San Pedro del Gallo','DUR');
Insert into ciudades values(null,'Santa Clara','DUR');
Insert into ciudades values(null,'Santiago Papasquiaro','DUR');
Insert into ciudades values(null,'Súchil','DUR');
Insert into ciudades values(null,'Tamazula','DUR');
Insert into ciudades values(null,'Tepehuanes','DUR');
Insert into ciudades values(null,'Tlahualilo','DUR');
Insert into ciudades values(null,'Topia','DUR');
Insert into ciudades values(null,'Vicente Guerrero','DUR');

#END REGION
#REGION GUANAJ
Insert into ciudades values(null,'Abasolo','GUA');
Insert into ciudades values(null,'Acámbaro','GUA');
Insert into ciudades values(null,'Apaseo el Alto','GUA');
Insert into ciudades values(null,'Apaseo el Grande','GUA');
Insert into ciudades values(null,'Atarjea','GUA');
Insert into ciudades values(null,'Celaya','GUA');
Insert into ciudades values(null,'Comonfort','GUA');
Insert into ciudades values(null,'Coroneo','GUA');
Insert into ciudades values(null,'Cortazar','GUA');
Insert into ciudades values(null,'Cuerámaro','GUA');
Insert into ciudades values(null,'Doctor Mora','GUA');
Insert into ciudades values(null,'Dolores Hidalgo','GUA');
Insert into ciudades values(null,'Guanajuato','GUA');
Insert into ciudades values(null,'Huanímaro','GUA');
Insert into ciudades values(null,'Irapuato','GUA');
Insert into ciudades values(null,'Jaral del Progreso','GUA');
Insert into ciudades values(null,'Jerécuaro','GUA');
Insert into ciudades values(null,'León','GUA');
Insert into ciudades values(null,'Manuel Doblado','GUA');
Insert into ciudades values(null,'Moroleón','GUA');
Insert into ciudades values(null,'Ocampo','GUA');
Insert into ciudades values(null,'Pénjamo','GUA');
Insert into ciudades values(null,'Pueblo Nuevo','GUA');
Insert into ciudades values(null,'Purísima del Rincón','GUA');
Insert into ciudades values(null,'Romita','GUA');
Insert into ciudades values(null,'Salamanca','GUA');
Insert into ciudades values(null,'Salvatierra','GUA');
Insert into ciudades values(null,'San Diego de la Unión','GUA');
Insert into ciudades values(null,'San Felipe','GUA');
Insert into ciudades values(null,'San Francisco del Rincón','GUA');
Insert into ciudades values(null,'San José Iturbide','GUA');
Insert into ciudades values(null,'San Luis de la Paz','GUA');
Insert into ciudades values(null,'San Miguel de Allende','GUA');
Insert into ciudades values(null,'Santa Catarina','GUA');
Insert into ciudades values(null,'Santa Cruz de Juventino','GUA');
Insert into ciudades values(null,'Santiago Maravatío','GUA');
Insert into ciudades values(null,'Silao','GUA');
Insert into ciudades values(null,'Tarandacuao','GUA');
Insert into ciudades values(null,'Tarimoro','GUA');
Insert into ciudades values(null,'Tierra Blanca','GUA');
Insert into ciudades values(null,'Uriangato','GUA');
Insert into ciudades values(null,'Valle de Santiago','GUA');
Insert into ciudades values(null,'Victoria','GUA');
Insert into ciudades values(null,'Villagrán','GUA');
Insert into ciudades values(null,'Xichú','GUA');
Insert into ciudades values(null,'Yuriria','GUA');

#END REGION
#REGION GERRERO
Insert into ciudades values(null,'Acapulco de Juárez','GRO');
Insert into ciudades values(null,'Acatepec','GRO');
Insert into ciudades values(null,'Ahuacuotzingo','GRO');
Insert into ciudades values(null,'Ajuchitlán del Progreso','GRO');
Insert into ciudades values(null,'Alcozauca de Guerrero','GRO');
Insert into ciudades values(null,'Alpoyeca','GRO');
Insert into ciudades values(null,'Apaxtla de Castrejón','GRO');
Insert into ciudades values(null,'Arcelia','GRO');
Insert into ciudades values(null,'Atenango del Río','GRO');
Insert into ciudades values(null,'Atlamajalcingo del Monte','GRO');
Insert into ciudades values(null,'Atlixtac','GRO');
Insert into ciudades values(null,'Atoyac de Álvarez','GRO');
Insert into ciudades values(null,'Ayutla de los Libres','GRO');
Insert into ciudades values(null,'Azoyú','GRO');
Insert into ciudades values(null,'Benito Juárez','GRO');
Insert into ciudades values(null,'Buenavista de Cuéllar','GRO');
Insert into ciudades values(null,'Chilapa de Álvarez','GRO');
Insert into ciudades values(null,'Chilpancingo de los Bravo','GRO');
Insert into ciudades values(null,'Coahuayutla de José María Izazaga','GRO');
Insert into ciudades values(null,'Cochoapa el Grande','GRO');
Insert into ciudades values(null,'Cocula','GRO');
Insert into ciudades values(null,'Copala','GRO');
Insert into ciudades values(null,'Copalillo','GRO');
Insert into ciudades values(null,'Copanatoyac','GRO');
Insert into ciudades values(null,'Coyuca de Benítez','GRO');
Insert into ciudades values(null,'Coyuca de Catalán','GRO');
Insert into ciudades values(null,'Cuajinicuilapa','GRO');
Insert into ciudades values(null,'Cualác','GRO');
Insert into ciudades values(null,'Cuautepec','GRO');
Insert into ciudades values(null,'Cuetzala del Progreso','GRO');
Insert into ciudades values(null,'Cutzamala de Pinzón','GRO');
Insert into ciudades values(null,'Eduardo Neri','GRO');
Insert into ciudades values(null,'Florencio Villarreal','GRO');
Insert into ciudades values(null,'General Canuto A. Neri','GRO');
Insert into ciudades values(null,'General Heliodoro Castillo','GRO');
Insert into ciudades values(null,'Huamuxtitlán','GRO');
Insert into ciudades values(null,'Huitzuco de los Figueroa','GRO');
Insert into ciudades values(null,'Iguala de la Independencia','GRO');
Insert into ciudades values(null,'Igualapa','GRO');
Insert into ciudades values(null,'Iliatenco','GRO');
Insert into ciudades values(null,'Ixcateopan de Cuauhtémoc','GRO');
Insert into ciudades values(null,'José Joaquín de Herrera','GRO');
Insert into ciudades values(null,'Juan R. Escudero','GRO');
Insert into ciudades values(null,'Juchitán','GRO');
Insert into ciudades values(null,'La Unión de Isidoro Montes de Oca','GRO');
Insert into ciudades values(null,'Leonardo Bravo','GRO');
Insert into ciudades values(null,'Malinaltepec','GRO');
Insert into ciudades values(null,'Marquelia','GRO');
Insert into ciudades values(null,'Mártir de Cuilapan','GRO');
Insert into ciudades values(null,'Metlatónoc','GRO');
Insert into ciudades values(null,'Mochitlán','GRO');
Insert into ciudades values(null,'Olinalá','GRO');
Insert into ciudades values(null,'Ometepec','GRO');
Insert into ciudades values(null,'Pedro Ascencio Alquisiras','GRO');
Insert into ciudades values(null,'Petatlán','GRO');
Insert into ciudades values(null,'Pilcaya','GRO');
Insert into ciudades values(null,'Pungarabato','GRO');
Insert into ciudades values(null,'Quechultenango','GRO');
Insert into ciudades values(null,'San Luis Acatlán','GRO');
Insert into ciudades values(null,'San Marcos','GRO');
Insert into ciudades values(null,'San Miguel Totolapan','GRO');
Insert into ciudades values(null,'Taxco de Alarcón','GRO');
Insert into ciudades values(null,'Tecoanapa','GRO');
Insert into ciudades values(null,'Técpan de Galeana','GRO');
Insert into ciudades values(null,'Teloloapan','GRO');
Insert into ciudades values(null,'Tepecoacuilco de Trujano','GRO');
Insert into ciudades values(null,'Tetipac','GRO');
Insert into ciudades values(null,'Tixtla de Guerrero','GRO');
Insert into ciudades values(null,'Tlacoachistlahuaca','GRO');
Insert into ciudades values(null,'Tlacoapa','GRO');
Insert into ciudades values(null,'Tlalchapa','GRO');
Insert into ciudades values(null,'Tlalixtlaquilla de Maldanado','GRO');
Insert into ciudades values(null,'Tlapa de Comonfort','GRO');
Insert into ciudades values(null,'Tlapehuala','GRO');
Insert into ciudades values(null,'Xalpatláhuac','GRO');
Insert into ciudades values(null,'Xochihuehuetlán','GRO');
Insert into ciudades values(null,'Xochistlahuaca','GRO');
Insert into ciudades values(null,'Zapotitlán Tablas','GRO');
Insert into ciudades values(null,'Zihuatanejo de Azueta','GRO');
Insert into ciudades values(null,'Zirándaro de los Chávez','GRO');
Insert into ciudades values(null,'Zitlala','GRO');

#END REGION
#REGION HIDALGO
Insert into ciudades values(null,'Acatlán','HID');
Insert into ciudades values(null,'Acaxochitlán','HID');
Insert into ciudades values(null,'Actopan','HID');
Insert into ciudades values(null,'Agua Blanca de Iturbide','HID');
Insert into ciudades values(null,'Ajacuba','HID');
Insert into ciudades values(null,'Alfajayucan','HID');
Insert into ciudades values(null,'Almoloya','HID');
Insert into ciudades values(null,'Apan','HID');
Insert into ciudades values(null,'Atitalaquia','HID');
Insert into ciudades values(null,'Atlapexco','HID');
Insert into ciudades values(null,'Atotonilco de Tula','HID');
Insert into ciudades values(null,'Atotonilco el Grande','HID');
Insert into ciudades values(null,'Calnali','HID');
Insert into ciudades values(null,'Chapantongo','HID');
Insert into ciudades values(null,'Chapulhuacán','HID');
Insert into ciudades values(null,'Cardonal','HID');
Insert into ciudades values(null,'Chilcuautla','HID');
Insert into ciudades values(null,'Cuautepec de Hinojosa','HID');
Insert into ciudades values(null,'El Arenal','HID');
Insert into ciudades values(null,'Eloxochitlán','HID');
Insert into ciudades values(null,'Emiliano Zapata','HID');
Insert into ciudades values(null,'Epazoyucan','HID');
Insert into ciudades values(null,'Francisco I. Madero','HID');
Insert into ciudades values(null,'Huasca de Ocampo','HID');
Insert into ciudades values(null,'Huautla','HID');
Insert into ciudades values(null,'Huazalingo','HID');
Insert into ciudades values(null,'Huejutla de Reyes','HID');
Insert into ciudades values(null,'Huehuetla  ','HID');
Insert into ciudades values(null,'Huichapan','HID');
Insert into ciudades values(null,'Ixmiquilpan','HID');
Insert into ciudades values(null,'Jacala de Ledezma','HID');
Insert into ciudades values(null,'Jaltocán','HID');
Insert into ciudades values(null,'Juárez Hidalgo','HID');
Insert into ciudades values(null,'La Misión','HID');
Insert into ciudades values(null,'Lolotla','HID');
Insert into ciudades values(null,'Metepec','HID');
Insert into ciudades values(null,'Metztitlán','HID');
Insert into ciudades values(null,'Mineral de la Reforma','HID');
Insert into ciudades values(null,'Mineral del Chico','HID');
Insert into ciudades values(null,'Mineral del Monte','HID');
Insert into ciudades values(null,'Mixquiahuala de Juárez','HID');
Insert into ciudades values(null,'Molango de Escamilla','HID');
Insert into ciudades values(null,'Nicolás Flores','HID');
Insert into ciudades values(null,'Nopala de Villagrán','HID');
Insert into ciudades values(null,'Omitlán de Juárez','HID');
Insert into ciudades values(null,'Pachuca de Soto','HID');
Insert into ciudades values(null,'Pacula','HID');
Insert into ciudades values(null,'Pisaflores','HID');
Insert into ciudades values(null,'Progreso de Obregón','HID');
Insert into ciudades values(null,'San Agustín Metzquititlán','HID');
Insert into ciudades values(null,'San Agustín Tlaxiaca','HID');
Insert into ciudades values(null,'San Bartolo Tutotepec','HID');
Insert into ciudades values(null,'San Felipe Orizatlán','HID');
Insert into ciudades values(null,'San Salvador','HID');
Insert into ciudades values(null,'Santiago de Anaya','HID');
Insert into ciudades values(null,'Santiago Tulantepec de Lugo Guerrero','HID');
Insert into ciudades values(null,'Singuilucan','HID');
Insert into ciudades values(null,'Tasquillo','HID');
Insert into ciudades values(null,'Tecozautla','HID');
Insert into ciudades values(null,'Tenango de Doria','HID');
Insert into ciudades values(null,'Tepeapulco','HID');
Insert into ciudades values(null,'Tepehuacán de Guerrero','HID');
Insert into ciudades values(null,'Tepeji del Río de Ocampo','HID');
Insert into ciudades values(null,'Tepetitlán','HID');
Insert into ciudades values(null,'Tetepango','HID');
Insert into ciudades values(null,'Tezontepec de Aldama','HID');
Insert into ciudades values(null,'Tianguistengo','HID');
Insert into ciudades values(null,'Tizayuca','HID');
Insert into ciudades values(null,'Tlahuelilpan','HID');
Insert into ciudades values(null,'Tlahuiltepa','HID');
Insert into ciudades values(null,'Tlanalapa','HID');
Insert into ciudades values(null,'Tlanchinol','HID');
Insert into ciudades values(null,'Tlaxcoapan','HID');
Insert into ciudades values(null,'Tolcayuca','HID');
Insert into ciudades values(null,'Tula de Allende','HID');
Insert into ciudades values(null,'Tulancingo de Bravo','HID');
Insert into ciudades values(null,'Villa de Tezontepec','HID');
Insert into ciudades values(null,'Xochiatipan','HID');
Insert into ciudades values(null,'Xochicoatlán','HID');
Insert into ciudades values(null,'Yahualica','HID');
Insert into ciudades values(null,'Zacualtipán de Ángeles','HID');
Insert into ciudades values(null,'Zapotlán de Juárez','HID');
Insert into ciudades values(null,'Zempoala','HID');
Insert into ciudades values(null,'Zimapán','HID');

#END REGION
#REGION JALISCO
Insert into ciudades values(null,'Acatic','JAL');
Insert into ciudades values(null,'Acatlán de Juárez','JAL');
Insert into ciudades values(null,'Ahualulco de Mercado','JAL');
Insert into ciudades values(null,'Amacueca','JAL');
Insert into ciudades values(null,'Amatitán','JAL');
Insert into ciudades values(null,'Ameca','JAL');
Insert into ciudades values(null,'Arandas','JAL');
Insert into ciudades values(null,'Atemajac de Brizuela','JAL');
Insert into ciudades values(null,'Atengo','JAL');
Insert into ciudades values(null,'Atenguillo','JAL');
Insert into ciudades values(null,'Atotonilco el Alto','JAL');
Insert into ciudades values(null,'Atoyac','JAL');
Insert into ciudades values(null,'Autlán de Navarro','JAL');
Insert into ciudades values(null,'Ayotlán','JAL');
Insert into ciudades values(null,'Ayutla','JAL');
Insert into ciudades values(null,'Bolaños','JAL');
Insert into ciudades values(null,'Cabo Corrientes','JAL');
Insert into ciudades values(null,'Cañadas de Obregón','JAL');
Insert into ciudades values(null,'Casimiro Castillo','JAL');
Insert into ciudades values(null,'Chapala','JAL');
Insert into ciudades values(null,'Chimaltitán','JAL');
Insert into ciudades values(null,'Chiquilistlán','JAL');
Insert into ciudades values(null,'Cihuatlán','JAL');
Insert into ciudades values(null,'Cocula','JAL');
Insert into ciudades values(null,'Colotlán','JAL');
Insert into ciudades values(null,'Concepción de Buenos Aires','JAL');
Insert into ciudades values(null,'Cuauitlán de García Barragán','JAL');
Insert into ciudades values(null,'Cuautla','JAL');
Insert into ciudades values(null,'Cuquío','JAL');
Insert into ciudades values(null,'Degollado','JAL');
Insert into ciudades values(null,'Ejutla','JAL');
Insert into ciudades values(null,'El Arenal','JAL');
Insert into ciudades values(null,'El Grullo','JAL');
Insert into ciudades values(null,'El Limón','JAL');
Insert into ciudades values(null,'El Salto','JAL');
Insert into ciudades values(null,'Encarnación de Díaz','JAL');
Insert into ciudades values(null,'Etzatlán','JAL');
Insert into ciudades values(null,'Gómez Farías','JAL');
Insert into ciudades values(null,'Guachinango','JAL');
Insert into ciudades values(null,'Guadalajara','JAL');
Insert into ciudades values(null,'Hostotipaquillo','JAL');
Insert into ciudades values(null,'Huejúcar','JAL');
Insert into ciudades values(null,'Huejuquilla el Alto','JAL');
Insert into ciudades values(null,'Ixtlahuacán de los Membrillos','JAL');
Insert into ciudades values(null,'Ixtlahuacán del Río','JAL');
Insert into ciudades values(null,'Jalostotitlán','JAL');
Insert into ciudades values(null,'Jamay','JAL');
Insert into ciudades values(null,'Jesús María','JAL');
Insert into ciudades values(null,'Jilotlán de los Dolores','JAL');
Insert into ciudades values(null,'Jocotepec','JAL');
Insert into ciudades values(null,'Juanacatlán','JAL');
Insert into ciudades values(null,'Juchitlán','JAL');
Insert into ciudades values(null,'La Barca','JAL');
Insert into ciudades values(null,'Lagos de Moreno','JAL');
Insert into ciudades values(null,'La Manzanilla de la Paz','JAL');
Insert into ciudades values(null,'La Huerta','JAL');
Insert into ciudades values(null,'Magdalena','JAL');
Insert into ciudades values(null,'Mascota','JAL');
Insert into ciudades values(null,'Mazamitla','JAL');
Insert into ciudades values(null,'Mexticacán','JAL');
Insert into ciudades values(null,'Mezquitic','JAL');
Insert into ciudades values(null,'Mixtlán','JAL');
Insert into ciudades values(null,'Ojuelos de Jalisco','JAL');
Insert into ciudades values(null,'Ocotlán ','JAL');
Insert into ciudades values(null,'Pihuamo','JAL');
Insert into ciudades values(null,'Poncitlán','JAL');
Insert into ciudades values(null,'Puerto Vallarta','JAL');
Insert into ciudades values(null,'Quitupan','JAL');
Insert into ciudades values(null,'San Cristóbal de la Barranca','JAL');
Insert into ciudades values(null,'San Diego de Alejandría','JAL');
Insert into ciudades values(null,'San Gabriel','JAL');
Insert into ciudades values(null,'San Ignacio Cerro Gordo ','JAL');
Insert into ciudades values(null,'San Juan de los Lagos','JAL');
Insert into ciudades values(null,'San Juanito de Escobedo','JAL');
Insert into ciudades values(null,'San Julián','JAL');
Insert into ciudades values(null,'San Marcos','JAL');
Insert into ciudades values(null,'San Martín de Bolaños','JAL');
Insert into ciudades values(null,'San Martín Hidalgo','JAL');
Insert into ciudades values(null,'San Miguel el Alto','JAL');
Insert into ciudades values(null,'San Sebastián del Oeste','JAL');
Insert into ciudades values(null,'Santa María de los Ángeles','JAL');
Insert into ciudades values(null,'Santa María del Oro','JAL');
Insert into ciudades values(null,'Sayula','JAL');
Insert into ciudades values(null,'Tala','JAL');
Insert into ciudades values(null,'Talpa de Allende','JAL');
Insert into ciudades values(null,'Tamazula de Gordiano','JAL');
Insert into ciudades values(null,'Tapalpa','JAL');
Insert into ciudades values(null,'Tecalitlán','JAL');
Insert into ciudades values(null,'Techaluta de Montenegro','JAL');
Insert into ciudades values(null,'Tecolotlán','JAL');
Insert into ciudades values(null,'Tenamaxtlán','JAL');
Insert into ciudades values(null,'Teocaltiche','JAL');
Insert into ciudades values(null,'Teocuitatlán de Corona','JAL');
Insert into ciudades values(null,'Tepatitlán de Morelos','JAL');
Insert into ciudades values(null,'Tequila','JAL');
Insert into ciudades values(null,'Teuchitlán','JAL');
Insert into ciudades values(null,'Tizapán el Alto','JAL');
Insert into ciudades values(null,'Tlajomulco de Zúñiga','JAL');
Insert into ciudades values(null,'Tlaquepaque','JAL');
Insert into ciudades values(null,'Tolimán','JAL');
Insert into ciudades values(null,'Tomatlán','JAL');
Insert into ciudades values(null,'Tonalá','JAL');
Insert into ciudades values(null,'Tonaya','JAL');
Insert into ciudades values(null,'Tonila','JAL');
Insert into ciudades values(null,'Totatiche','JAL');
Insert into ciudades values(null,'Tototlán','JAL');
Insert into ciudades values(null,'Tuxcacuesco','JAL');
Insert into ciudades values(null,'Tuxcueca','JAL');
Insert into ciudades values(null,'Tuxpan','JAL');
Insert into ciudades values(null,'Unión de San Antonio','JAL');
Insert into ciudades values(null,'Unión de Tula','JAL');
Insert into ciudades values(null,'Valle de Guadalupe','JAL');
Insert into ciudades values(null,'Valle de Juárez','JAL');
Insert into ciudades values(null,'Villa Corona','JAL');
Insert into ciudades values(null,'Villa Guerrero','JAL');
Insert into ciudades values(null,'Villa Hidalgo','JAL');
Insert into ciudades values(null,'Villa Purificación','JAL');
Insert into ciudades values(null,'Yahualica de González Gallo','JAL');
Insert into ciudades values(null,'Zacoalco de Torres','JAL');
Insert into ciudades values(null,'Zapopan','JAL');
Insert into ciudades values(null,'Zapotiltic','JAL');
Insert into ciudades values(null,'Zapotitlán de Vadillo','JAL');
Insert into ciudades values(null,'Zapotlán del Rey','JAL');
Insert into ciudades values(null,'Zapotlanejo ','JAL');
Insert into ciudades values(null,'Zapotlán el Grande ','JAL');

#END REGION
#REGION MEXICO
Insert into ciudades values(null,'Acambay','MEX');
Insert into ciudades values(null,'Acolman','MEX');
Insert into ciudades values(null,'Aculco','MEX');
Insert into ciudades values(null,'Almoloya de Alquisiras','MEX');
Insert into ciudades values(null,'Almoloya de Juárez','MEX');
Insert into ciudades values(null,'Almoloya del Río','MEX');
Insert into ciudades values(null,'Amanalco','MEX');
Insert into ciudades values(null,'Amatepec','MEX');
Insert into ciudades values(null,'Amecameca','MEX');
Insert into ciudades values(null,'Apaxco','MEX');
Insert into ciudades values(null,'Atenco','MEX');
Insert into ciudades values(null,'Atizapán','MEX');
Insert into ciudades values(null,'Atizapán de Zaragoza','MEX');
Insert into ciudades values(null,'Atlacomulco','MEX');
Insert into ciudades values(null,'Atlautla','MEX');
Insert into ciudades values(null,'Axapusco','MEX');
Insert into ciudades values(null,'Ayapango','MEX');
Insert into ciudades values(null,'Calimaya','MEX');
Insert into ciudades values(null,'Capulhuac','MEX');
Insert into ciudades values(null,'Chalco','MEX');
Insert into ciudades values(null,'Chapa de Mota','MEX');
Insert into ciudades values(null,'Chapultepec','MEX');
Insert into ciudades values(null,'Chiautla','MEX');
Insert into ciudades values(null,'Chicoloapan','MEX');
Insert into ciudades values(null,'Chiconcuac','MEX');
Insert into ciudades values(null,'Chimalhuacán','MEX');
Insert into ciudades values(null,'Coacalco de Berriozábal','MEX');
Insert into ciudades values(null,'Coatepec Harinas','MEX');
Insert into ciudades values(null,'Cocotitlán','MEX');
Insert into ciudades values(null,'Coyotepec','MEX');
Insert into ciudades values(null,'Cuautitlán','MEX');
Insert into ciudades values(null,'Cuautitlán Izcalli','MEX');
Insert into ciudades values(null,'Donato Guerra','MEX');
Insert into ciudades values(null,'Ecatepec de Morelos','MEX');
Insert into ciudades values(null,'Ecatzingo','MEX');
Insert into ciudades values(null,'El Oro','MEX');
Insert into ciudades values(null,'Huehuetoca','MEX');
Insert into ciudades values(null,'Hueypoxtla','MEX');
Insert into ciudades values(null,'Huixquilucan','MEX');
Insert into ciudades values(null,'Isidro Fabela','MEX');
Insert into ciudades values(null,'Ixtapaluca','MEX');
Insert into ciudades values(null,'Ixtapan de la Sal','MEX');
Insert into ciudades values(null,'Ixtapan del Oro','MEX');
Insert into ciudades values(null,'Ixtlahuaca','MEX');
Insert into ciudades values(null,'Jaltenco','MEX');
Insert into ciudades values(null,'Jilotepec','MEX');
Insert into ciudades values(null,'Jilotzingo','MEX');
Insert into ciudades values(null,'Jiquipilco','MEX');
Insert into ciudades values(null,'Jocotitlán','MEX');
Insert into ciudades values(null,'Joquicingo','MEX');
Insert into ciudades values(null,'Juchitepec','MEX');
Insert into ciudades values(null,'La Paz','MEX');
Insert into ciudades values(null,'Lerma','MEX');
Insert into ciudades values(null,'Luvianos','MEX');
Insert into ciudades values(null,'Malinalco','MEX');
Insert into ciudades values(null,'Melchor Ocampo','MEX');
Insert into ciudades values(null,'Metepec','MEX');
Insert into ciudades values(null,'Mexicaltzingo','MEX');
Insert into ciudades values(null,'Morelos','MEX');
Insert into ciudades values(null,'Naucalpan de Juárez','MEX');
Insert into ciudades values(null,'Nextlalpan','MEX');
Insert into ciudades values(null,'Nezahualcoyotl','MEX');
Insert into ciudades values(null,'Nicolás Romero','MEX');
Insert into ciudades values(null,'Nopaltepec','MEX');
Insert into ciudades values(null,'Ocoyoacac','MEX');
Insert into ciudades values(null,'Ocuilan','MEX');
Insert into ciudades values(null,'Otumba','MEX');
Insert into ciudades values(null,'Otzoloapan','MEX');
Insert into ciudades values(null,'Otzolotepec','MEX');
Insert into ciudades values(null,'Ozumba','MEX');
Insert into ciudades values(null,'Papalotla','MEX');
Insert into ciudades values(null,'Polotitlán','MEX');
Insert into ciudades values(null,'Rayón','MEX');
Insert into ciudades values(null,'San Antonio la Isla','MEX');
Insert into ciudades values(null,'San Felipe del Progreso','MEX');
Insert into ciudades values(null,'San José del Rincón','MEX');
Insert into ciudades values(null,'San Martín de las Pirámides','MEX');
Insert into ciudades values(null,'San Mateo Atenco','MEX');
Insert into ciudades values(null,'San Simón de Guerrero','MEX');
Insert into ciudades values(null,'Santo Tomás','MEX');
Insert into ciudades values(null,'Soyaniquilpan de Juárez','MEX');
Insert into ciudades values(null,'Sultepec','MEX');
Insert into ciudades values(null,'Tecámac','MEX');
Insert into ciudades values(null,'Tejupilco','MEX');
Insert into ciudades values(null,'Temamatla','MEX');
Insert into ciudades values(null,'Temascalapa','MEX');
Insert into ciudades values(null,'Temascalcingo','MEX');
Insert into ciudades values(null,'Temascaltepec','MEX');
Insert into ciudades values(null,'Temoaya','MEX');
Insert into ciudades values(null,'Tenancingo','MEX');
Insert into ciudades values(null,'Tenango del Aire','MEX');
Insert into ciudades values(null,'Tenango del Valle','MEX');
Insert into ciudades values(null,'Teoloyucán','MEX');
Insert into ciudades values(null,'Teotihuacán','MEX');
Insert into ciudades values(null,'Tepetlaoxtoc','MEX');
Insert into ciudades values(null,'Tepetlixpa','MEX');
Insert into ciudades values(null,'Tepotzotlán','MEX');
Insert into ciudades values(null,'Tequixquiac','MEX');
Insert into ciudades values(null,'Texcaltitlán','MEX');
Insert into ciudades values(null,'Texcalyacac','MEX');
Insert into ciudades values(null,'Texcoco','MEX');
Insert into ciudades values(null,'Tezoyuca','MEX');
Insert into ciudades values(null,'Tianguistenco','MEX');
Insert into ciudades values(null,'Timilpan','MEX');
Insert into ciudades values(null,'Tlalmanalco','MEX');
Insert into ciudades values(null,'Tlalnepantla de Baz','MEX');
Insert into ciudades values(null,'Tlatlaya','MEX');
Insert into ciudades values(null,'Toluca','MEX');
Insert into ciudades values(null,'Tonanitla','MEX');
Insert into ciudades values(null,'Tonatico','MEX');
Insert into ciudades values(null,'Tultepec','MEX');
Insert into ciudades values(null,'Tultitlán','MEX');
Insert into ciudades values(null,'Valle de Bravo','MEX');
Insert into ciudades values(null,'Valle de Chalco Solidaridad','MEX');
Insert into ciudades values(null,'Villa de Allende','MEX');
Insert into ciudades values(null,'Villa del Carbón','MEX');
Insert into ciudades values(null,'Villa Guerrero','MEX');
Insert into ciudades values(null,'Villa Victoria','MEX');
Insert into ciudades values(null,'Xalatlaco','MEX');
Insert into ciudades values(null,'Xonacatlán','MEX');
Insert into ciudades values(null,'Zacazonapan','MEX');
Insert into ciudades values(null,'Zacualpan','MEX');
Insert into ciudades values(null,'Zinacantepec','MEX');
Insert into ciudades values(null,'Zumpahuacán','MEX');
Insert into ciudades values(null,'Zumpango','MEX');

#END REGION
#REGION MICHOACAN
Insert into ciudades values(null,'Acuitzio','MIC');
Insert into ciudades values(null,'Aguililla','MIC');
Insert into ciudades values(null,'Álvaro Obregón','MIC');
Insert into ciudades values(null,'Angamacutiro','MIC');
Insert into ciudades values(null,'Angangueo','MIC');
Insert into ciudades values(null,'Apatzingán','MIC');
Insert into ciudades values(null,'Aporo','MIC');
Insert into ciudades values(null,'Aquila','MIC');
Insert into ciudades values(null,'Ario de Rosales','MIC');
Insert into ciudades values(null,'Arteaga Riseñas','MIC');
Insert into ciudades values(null,'Briseñas','MIC');
Insert into ciudades values(null,'Buenavista','MIC');
Insert into ciudades values(null,'Carácuaro','MIC');
Insert into ciudades values(null,'Charapan','MIC');
Insert into ciudades values(null,'Charo','MIC');
Insert into ciudades values(null,'Chavinda','MIC');
Insert into ciudades values(null,'Cherán','MIC');
Insert into ciudades values(null,'Chilchota','MIC');
Insert into ciudades values(null,'Chuinicuila','MIC');
Insert into ciudades values(null,'Chucándiro','MIC');
Insert into ciudades values(null,'Churintzio','MIC');
Insert into ciudades values(null,'Churumuco','MIC');
Insert into ciudades values(null,'Coahuayana','MIC');
Insert into ciudades values(null,'Coalcomán de Vázquez Pallares','MIC');
Insert into ciudades values(null,'Coeneo','MIC');
Insert into ciudades values(null,'Cojumatlán de Régules','MIC');
Insert into ciudades values(null,'Contepec','MIC');
Insert into ciudades values(null,'Copándaro','MIC');
Insert into ciudades values(null,'Cotija','MIC');
Insert into ciudades values(null,'Cuitzeo','MIC');
Insert into ciudades values(null,'Escuandureo','MIC');
Insert into ciudades values(null,'Epitacio Huerta','MIC');
Insert into ciudades values(null,'Erongarícuaro','MIC');
Insert into ciudades values(null,'Gabriel Zamora','MIC');
Insert into ciudades values(null,'Hidalgo','MIC');
Insert into ciudades values(null,'Huandacareo','MIC');
Insert into ciudades values(null,'Huaniqueo','MIC');
Insert into ciudades values(null,'Huetamo','MIC');
Insert into ciudades values(null,'Huiramba','MIC');
Insert into ciudades values(null,'Indaparapeo','MIC');
Insert into ciudades values(null,'Irimbo','MIC');
Insert into ciudades values(null,'Ixtlán','MIC');
Insert into ciudades values(null,'Jacona','MIC');
Insert into ciudades values(null,'Jiménez','MIC');
Insert into ciudades values(null,'Jiquilpan','MIC');
Insert into ciudades values(null,'José Sixto Verduzco','MIC');
Insert into ciudades values(null,'Juárez','MIC');
Insert into ciudades values(null,'Jungapeo','MIC');
Insert into ciudades values(null,'La Huacana','MIC');
Insert into ciudades values(null,'La Piedad','MIC');
Insert into ciudades values(null,'Lagunillas','MIC');
Insert into ciudades values(null,'Lázaro Cárdenas','MIC');
Insert into ciudades values(null,'Los Reyes','MIC');
Insert into ciudades values(null,'Madero','MIC');
Insert into ciudades values(null,'Maravatío','MIC');
Insert into ciudades values(null,'Marcos Castellanos','MIC');
Insert into ciudades values(null,'Morelia','MIC');
Insert into ciudades values(null,'Morelos','MIC');
Insert into ciudades values(null,'Múgica','MIC');
Insert into ciudades values(null,'Nahuatzen','MIC');
Insert into ciudades values(null,'Nocupétaro','MIC');
Insert into ciudades values(null,'Nuevo Parangaricutiro','MIC');
Insert into ciudades values(null,'Nuevo Urecho','MIC');
Insert into ciudades values(null,'Numarán','MIC');
Insert into ciudades values(null,'Ocampo','MIC');
Insert into ciudades values(null,'Pajacuarán','MIC');
Insert into ciudades values(null,'Panindícuaro','MIC');
Insert into ciudades values(null,'Paracho','MIC');
Insert into ciudades values(null,'Parácuaro','MIC');
Insert into ciudades values(null,'Pátzcuaro','MIC');
Insert into ciudades values(null,'Penjamillo','MIC');
Insert into ciudades values(null,'Peribán','MIC');
Insert into ciudades values(null,'Purépero','MIC');
Insert into ciudades values(null,'Puruándiro','MIC');
Insert into ciudades values(null,'Queréndaro','MIC');
Insert into ciudades values(null,'Quiroga','MIC');
Insert into ciudades values(null,'Sahuayo','MIC');
Insert into ciudades values(null,'Salvador Escalante','MIC');
Insert into ciudades values(null,'San Lucas','MIC');
Insert into ciudades values(null,'Santa Ana Maya','MIC');
Insert into ciudades values(null,'Senguio','MIC');
Insert into ciudades values(null,'Susupuato','MIC');
Insert into ciudades values(null,'Tancítaro','MIC');
Insert into ciudades values(null,'Tangamandapio','MIC');
Insert into ciudades values(null,'Tangancícuaro','MIC');
Insert into ciudades values(null,'Tanhuato','MIC');
Insert into ciudades values(null,'Taretan','MIC');
Insert into ciudades values(null,'Tarímbaro','MIC');
Insert into ciudades values(null,'Tepalcatepec','MIC');
Insert into ciudades values(null,'Tingüindín','MIC');
Insert into ciudades values(null,'Tingambato','MIC');
Insert into ciudades values(null,'Tiquicheo de Nicolás Romero','MIC');
Insert into ciudades values(null,'Tlalpujahua','MIC');
Insert into ciudades values(null,'Tlazazalca','MIC');
Insert into ciudades values(null,'Tocumbo','MIC');
Insert into ciudades values(null,'Tumbiscatío','MIC');
Insert into ciudades values(null,'Turicato','MIC');
Insert into ciudades values(null,'Tuxpan','MIC');
Insert into ciudades values(null,'Tuzantla','MIC');
Insert into ciudades values(null,'Tzintzuntzan','MIC');
Insert into ciudades values(null,'Tzitzio','MIC');
Insert into ciudades values(null,'Uruapan','MIC');
Insert into ciudades values(null,'Venustiano Carranza','MIC');
Insert into ciudades values(null,'Villamar','MIC');
Insert into ciudades values(null,'Vista Hermosa','MIC');
Insert into ciudades values(null,'Yurécuaro','MIC');
Insert into ciudades values(null,'Zacapu','MIC');
Insert into ciudades values(null,'Zamora','MIC');
Insert into ciudades values(null,'Zináparo','MIC');
Insert into ciudades values(null,'Zinapécuaro','MIC');
Insert into ciudades values(null,'Ziracuaretiro','MIC');
Insert into ciudades values(null,'Zitácuaro','MIC');

#END REGION
#REGION MORELOS
Insert into ciudades values(null,'Amacuzac','MOR');
Insert into ciudades values(null,'Atlatlahucan','MOR');
Insert into ciudades values(null,'Axochiapan','MOR');
Insert into ciudades values(null,'Ayala','MOR');
Insert into ciudades values(null,'Coatlan del Río','MOR');
Insert into ciudades values(null,'Cuautla','MOR');
Insert into ciudades values(null,'Cuernavaca','MOR');
Insert into ciudades values(null,'Emiliano Zapata','MOR');
Insert into ciudades values(null,'Huitzilac','MOR');
Insert into ciudades values(null,'Jantetelco','MOR');
Insert into ciudades values(null,'Jiutepec','MOR');
Insert into ciudades values(null,'Jojutla','MOR');
Insert into ciudades values(null,'Jonacatepec','MOR');
Insert into ciudades values(null,'Mazatepec','MOR');
Insert into ciudades values(null,'Miacatlán','MOR');
Insert into ciudades values(null,'Ocuituco','MOR');
Insert into ciudades values(null,'Puente de Ixtla','MOR');
Insert into ciudades values(null,'Temixco','MOR');
Insert into ciudades values(null,'Tepalcingo','MOR');
Insert into ciudades values(null,'Tepoztlan','MOR');
Insert into ciudades values(null,'Tetecala','MOR');
Insert into ciudades values(null,'Tetela del Volcán','MOR');
Insert into ciudades values(null,'Tlalnepantla','MOR');
Insert into ciudades values(null,'Tlaltizapan','MOR');
Insert into ciudades values(null,'Tlaquiltenango','MOR');
Insert into ciudades values(null,'Tlayacapan','MOR');
Insert into ciudades values(null,'Totolapan','MOR');
Insert into ciudades values(null,'Xochitepec','MOR');
Insert into ciudades values(null,'Yautepec','MOR');
Insert into ciudades values(null,'Yecapixtla','MOR');
Insert into ciudades values(null,'Zacatepec','MOR');
Insert into ciudades values(null,'Zacualpan de Amilpas','MOR');
Insert into ciudades values(null,'Temoac','MOR');

#END REGION
#REGION NAYARIT
Insert into ciudades values(null,'Acaponeta','NAY');
Insert into ciudades values(null,'Ahuacatlán','NAY');
Insert into ciudades values(null,'Amatlán de Cañas','NAY');
Insert into ciudades values(null,'Compostela','NAY');
Insert into ciudades values(null,'Huajicori','NAY');
Insert into ciudades values(null,'Ixtlán del Río','NAY');
Insert into ciudades values(null,'Jala','NAY');
Insert into ciudades values(null,'Xalisco','NAY');
Insert into ciudades values(null,'Del Nayar ','NAY');
Insert into ciudades values(null,'Rosamorada','NAY');
Insert into ciudades values(null,'Ruíz','NAY');
Insert into ciudades values(null,'San Blas','NAY');
Insert into ciudades values(null,'San Pedro Lagunillas','NAY');
Insert into ciudades values(null,'Santa María del Oro','NAY');
Insert into ciudades values(null,'Santiago Ixcuintla','NAY');
Insert into ciudades values(null,'Tecuala','NAY');
Insert into ciudades values(null,'Tepic','NAY');
Insert into ciudades values(null,'Tuxpan','NAY');
Insert into ciudades values(null,'La Yesca','NAY');
Insert into ciudades values(null,'Bahía de Banderas','NAY');

#END REGION
#REGION NUEVO LEON
Insert into ciudades values(null,'Abasolo ','NLE');
Insert into ciudades values(null,'Agualeguas ','NLE');
Insert into ciudades values(null,'Allende','NLE');
Insert into ciudades values(null,'Anáhuac','NLE');
Insert into ciudades values(null,'Apodaca','NLE');
Insert into ciudades values(null,'Aramberri','NLE');
Insert into ciudades values(null,'Bustamante ','NLE');
Insert into ciudades values(null,'Cadereyta Jiménez','NLE');
Insert into ciudades values(null,'Cerralvo','NLE');
Insert into ciudades values(null,'China','NLE');
Insert into ciudades values(null,'Ciénega de Flores','NLE');
Insert into ciudades values(null,'Doctor Arroyo','NLE');
Insert into ciudades values(null,'Doctor Coss ','NLE');
Insert into ciudades values(null,'Doctor González ','NLE');
Insert into ciudades values(null,'El Carmen','NLE');
Insert into ciudades values(null,'Galeana','NLE');
Insert into ciudades values(null,'García','NLE');
Insert into ciudades values(null,'General Bravo','NLE');
Insert into ciudades values(null,'General Escobedo','NLE');
Insert into ciudades values(null,'General Terán','NLE');
Insert into ciudades values(null,'General Treviño ','NLE');
Insert into ciudades values(null,'General Zaragoza','NLE');
Insert into ciudades values(null,'General Zuazua','NLE');
Insert into ciudades values(null,'Guadalupe','NLE');
Insert into ciudades values(null,'Hidalgo','NLE');
Insert into ciudades values(null,'Higueras ','NLE');
Insert into ciudades values(null,'Hualahuises','NLE');
Insert into ciudades values(null,'Iturbide ','NLE');
Insert into ciudades values(null,'Juárez','NLE');
Insert into ciudades values(null,'Lampazos de Naranjo','NLE');
Insert into ciudades values(null,'Linares','NLE');
Insert into ciudades values(null,'Los Aldamas ','NLE');
Insert into ciudades values(null,'Los Herreras ','NLE');
Insert into ciudades values(null,'Los Ramones','NLE');
Insert into ciudades values(null,'Marín','NLE');
Insert into ciudades values(null,'Melchor Ocampo ','NLE');
Insert into ciudades values(null,'Mier y Noriega','NLE');
Insert into ciudades values(null,'Mina','NLE');
Insert into ciudades values(null,'Montemorelos','NLE');
Insert into ciudades values(null,'Monterrey','NLE');
Insert into ciudades values(null,'Parás ','NLE');
Insert into ciudades values(null,'Pesquería','NLE');
Insert into ciudades values(null,'Rayones ','NLE');
Insert into ciudades values(null,'Sabinas Hidalgo','NLE');
Insert into ciudades values(null,'Salinas Victoria','NLE');
Insert into ciudades values(null,'San Nicolás de los Garza','NLE');
Insert into ciudades values(null,'San Pedro Garza García','NLE');
Insert into ciudades values(null,'Santa Catarina','NLE');
Insert into ciudades values(null,'Santiago','NLE');
Insert into ciudades values(null,'Vallecillo ','NLE');
Insert into ciudades values(null,'Villaldama','NLE');

#END REGION
#REGION OAXACA
Insert into ciudades values(null,'Abejones ','OAX');
Insert into ciudades values(null,'Acatlán de Pérez Figueroa','OAX');
Insert into ciudades values(null,'Asunción Cacalotepec ','OAX');
Insert into ciudades values(null,'Asunción Cuyotepeji ','OAX');
Insert into ciudades values(null,'Asunción Ixtaltepec','OAX');
Insert into ciudades values(null,'Asunción Nochixtlán','OAX');
Insert into ciudades values(null,'Asunción Ocotlán ','OAX');
Insert into ciudades values(null,'Asunción Tlacolulita ','OAX');
Insert into ciudades values(null,'Ayotzintepec','OAX');
Insert into ciudades values(null,'El Barrio de la Soledad','OAX');
Insert into ciudades values(null,'Calihualá ','OAX');
Insert into ciudades values(null,'Candelaria Loxicha ','OAX');
Insert into ciudades values(null,'Ciénega de Zimatlán ','OAX');
Insert into ciudades values(null,'Ciudad Ixtepec','OAX');
Insert into ciudades values(null,'Coatecas Altas ','OAX');
Insert into ciudades values(null,'Coicoyán de las Flores ','OAX');
Insert into ciudades values(null,'La Compañía ','OAX');
Insert into ciudades values(null,'Concepción Buenavista ','OAX');
Insert into ciudades values(null,'Concepción Pápalo ','OAX');
Insert into ciudades values(null,'Constancia del Rosario ','OAX');
Insert into ciudades values(null,'Cosolapa','OAX');
Insert into ciudades values(null,'Cosoltepec ','OAX');
Insert into ciudades values(null,'Cuilápam de Guerrero','OAX');
Insert into ciudades values(null,'Cuyamecalco Villa de Zaragoza ','OAX');
Insert into ciudades values(null,'Chahuites','OAX');
Insert into ciudades values(null,'Chalcatongo de Hidalgo','OAX');
Insert into ciudades values(null,'Chiquihuitlán de Benito Juárez ','OAX');
Insert into ciudades values(null,'Heroica Ciudad de Ejutla de Crespo','OAX');
Insert into ciudades values(null,'Eloxochitlán de Flores Magón ','OAX');
Insert into ciudades values(null,'El Espinal','OAX');
Insert into ciudades values(null,'Tamazulápam del Espíritu Santo','OAX');
Insert into ciudades values(null,'Fresnillo de Trujano','OAX');
Insert into ciudades values(null,'Guadalupe Etla ','OAX');
Insert into ciudades values(null,'Guadalupe de Ramírez ','OAX');
Insert into ciudades values(null,'Guelatao de Juárez','OAX');
Insert into ciudades values(null,'Guevea de Humboldt','OAX');
Insert into ciudades values(null,'Mesones Hidalgo ','OAX');
Insert into ciudades values(null,'Villa Hidalgo ','OAX');
Insert into ciudades values(null,'Heroica Ciudad de Huajuapan de León','OAX');
Insert into ciudades values(null,'Huautepec ','OAX');
Insert into ciudades values(null,'Huautla de Jiménez','OAX');
Insert into ciudades values(null,'Ixtlán de Juárez','OAX');
Insert into ciudades values(null,'Heroica Ciudad de Juchitán de Zaragoza','OAX');
Insert into ciudades values(null,'Loma Bonita','OAX');
Insert into ciudades values(null,'Magdalena Apasco','OAX');
Insert into ciudades values(null,'Magdalena Jaltepec ','OAX');
Insert into ciudades values(null,'Santa Magdalena Jicotlán ','OAX');
Insert into ciudades values(null,'Magdalena Mixtepec ','OAX');
Insert into ciudades values(null,'Magdalena Ocotlán ','OAX');
Insert into ciudades values(null,'Magdalena Peñasco ','OAX');
Insert into ciudades values(null,'Magdalena Teitipac ','OAX');
Insert into ciudades values(null,'Magdalena Tequisistlán','OAX');
Insert into ciudades values(null,'Magdalena Tlacotepec ','OAX');
Insert into ciudades values(null,'Magdalena Zahuatlán ','OAX');
Insert into ciudades values(null,'Mariscala de Juárez ','OAX');
Insert into ciudades values(null,'Mártires de Tacubaya ','OAX');
Insert into ciudades values(null,'Matías Romero Avendaño ','OAX');
Insert into ciudades values(null,'Mazatlán Villa de Flores ','OAX');
Insert into ciudades values(null,'Miahuatlán de Porfirio Díaz','OAX');
Insert into ciudades values(null,'Mixistlán de la Reforma ','OAX');
Insert into ciudades values(null,'Monjas ','OAX');
Insert into ciudades values(null,'Natividad ','OAX');
Insert into ciudades values(null,'Nazareno Etla ','OAX');
Insert into ciudades values(null,'Nejapa de Madero','OAX');
Insert into ciudades values(null,'Ixpantepec Nieves ','OAX');
Insert into ciudades values(null,'Santiago Niltepec','OAX');
Insert into ciudades values(null,'Oaxaca de Juárez','OAX');
Insert into ciudades values(null,'Ocotlán de Morelos','OAX');
Insert into ciudades values(null,'La Pe ','OAX');
Insert into ciudades values(null,'Pinotepa de Don Luis','OAX');
Insert into ciudades values(null,'Pluma Hidalgo ','OAX');
Insert into ciudades values(null,'San José del Progreso','OAX');
Insert into ciudades values(null,'Putla Villa de Guerrero','OAX');
Insert into ciudades values(null,'Santa Catarina Quioquitani ','OAX');
Insert into ciudades values(null,'Reforma de Pineda ','OAX');
Insert into ciudades values(null,'La Reforma','OAX');
Insert into ciudades values(null,'Reyes Etla ','OAX');
Insert into ciudades values(null,'Rojas de Cuauhtémoc ','OAX');
Insert into ciudades values(null,'Salina Cruz','OAX');
Insert into ciudades values(null,'San Agustín Amatengo ','OAX');
Insert into ciudades values(null,'San Agustín Atenango ','OAX');
Insert into ciudades values(null,'San Agustín Chayuco ','OAX');
Insert into ciudades values(null,'San Agustín de las Juntas','OAX');
Insert into ciudades values(null,'San Agustín Etla ','OAX');
Insert into ciudades values(null,'San Agustín Loxicha ','OAX');
Insert into ciudades values(null,'San Agustín Tlacotepec ','OAX');
Insert into ciudades values(null,'San Agustín Yatareni ','OAX');
Insert into ciudades values(null,'San Andrés Cabecera Nueva ','OAX');
Insert into ciudades values(null,'San Andrés Dinicuiti ','OAX');
Insert into ciudades values(null,'San Andrés Huaxpaltepec','OAX');
Insert into ciudades values(null,'San Andrés Huayápam ','OAX');
Insert into ciudades values(null,'San Andrés Ixtlahuaca ','OAX');
Insert into ciudades values(null,'San Andrés Lagunas ','OAX');
Insert into ciudades values(null,'San Andrés Nuxiño ','OAX');
Insert into ciudades values(null,'San Andrés Paxtlán ','OAX');
Insert into ciudades values(null,'San Andrés Sinaxtla','OAX');
Insert into ciudades values(null,'San Andrés Solaga ','OAX');
Insert into ciudades values(null,'San Andrés Teotilálpam ','OAX');
Insert into ciudades values(null,'San Andrés Tepetlapa ','OAX');
Insert into ciudades values(null,'San Andrés Yaá ','OAX');
Insert into ciudades values(null,'San Andrés Zabache ','OAX');
Insert into ciudades values(null,'San Andrés Zautla ','OAX');
Insert into ciudades values(null,'San Antonino Castillo Velasco','OAX');
Insert into ciudades values(null,'San Antonino el Alto ','OAX');
Insert into ciudades values(null,'San Antonino Monte Verde','OAX');
Insert into ciudades values(null,'San Antonio Acutla ','OAX');
Insert into ciudades values(null,'San Antonio de la Cal','OAX');
Insert into ciudades values(null,'San Antonio Huitepec ','OAX');
Insert into ciudades values(null,'San Antonio Nanahuatípam ','OAX');
Insert into ciudades values(null,'San Antonio Sinicahua ','OAX');
Insert into ciudades values(null,'San Antonio Tepetlapa','OAX');
Insert into ciudades values(null,'San Baltazar Chichicápam ','OAX');
Insert into ciudades values(null,'San Baltazar Loxicha ','OAX');
Insert into ciudades values(null,'San Baltazar Yatzachi el Bajo ','OAX');
Insert into ciudades values(null,'San Bartolo Coyotepec','OAX');
Insert into ciudades values(null,'San Bartolomé Ayautla ','OAX');
Insert into ciudades values(null,'San Bartolomé Loxicha ','OAX');
Insert into ciudades values(null,'San Bartolomé Quialana ','OAX');
Insert into ciudades values(null,'San Bartolomé Yucuañe ','OAX');
Insert into ciudades values(null,'San Bartolomé Zoogocho ','OAX');
Insert into ciudades values(null,'San Bartolo Soyaltepec ','OAX');
Insert into ciudades values(null,'San Bartolo Yautepec ','OAX');
Insert into ciudades values(null,'San Bernardo Mixtepec ','OAX');
Insert into ciudades values(null,'San Blas Atempa','OAX');
Insert into ciudades values(null,'San Carlos Yautepec','OAX');
Insert into ciudades values(null,'San Cristóbal Amatlán ','OAX');
Insert into ciudades values(null,'San Cristóbal Amoltepec ','OAX');
Insert into ciudades values(null,'San Cristóbal Lachirioag ','OAX');
Insert into ciudades values(null,'San Cristóbal Suchixtlahuaca ','OAX');
Insert into ciudades values(null,'San Dionisio del Mar','OAX');
Insert into ciudades values(null,'San Dionisio Ocotepec','OAX');
Insert into ciudades values(null,'San Dionisio Ocotlán ','OAX');
Insert into ciudades values(null,'San Esteban Atatlahuca ','OAX');
Insert into ciudades values(null,'San Felipe Jalapa de Díaz ','OAX');
Insert into ciudades values(null,'San Felipe Tejalápam','OAX');
Insert into ciudades values(null,'San Felipe Usila ','OAX');
Insert into ciudades values(null,'San Francisco Cahuacuá ','OAX');
Insert into ciudades values(null,'San Francisco Cajonos ','OAX');
Insert into ciudades values(null,'San Francisco Chapulapa ','OAX');
Insert into ciudades values(null,'San Francisco Chindúa ','OAX');
Insert into ciudades values(null,'San Francisco del Mar','OAX');
Insert into ciudades values(null,'San Francisco Huehuetlán','OAX');
Insert into ciudades values(null,'San Francisco Ixhuatán','OAX');
Insert into ciudades values(null,'San Francisco Jaltepetongo ','OAX');
Insert into ciudades values(null,'San Francisco Lachigoló ','OAX');
Insert into ciudades values(null,'San Francisco Logueche ','OAX');
Insert into ciudades values(null,'San Francisco Nuxaño ','OAX');
Insert into ciudades values(null,'San Francisco Ozolotepec ','OAX');
Insert into ciudades values(null,'San Francisco Sola ','OAX');
Insert into ciudades values(null,'San Francisco Telixtlahuaca','OAX');
Insert into ciudades values(null,'San Francisco Teopan ','OAX');
Insert into ciudades values(null,'San Francisco Tlapancingo ','OAX');
Insert into ciudades values(null,'San Gabriel Mixtepec ','OAX');
Insert into ciudades values(null,'San Ildefonso Amatlán ','OAX');
Insert into ciudades values(null,'San Ildefonso Sola ','OAX');
Insert into ciudades values(null,'San Ildefonso Villa Alta ','OAX');
Insert into ciudades values(null,'San Jacinto Amilpas','OAX');
Insert into ciudades values(null,'San Jacinto Tlacotepec ','OAX');
Insert into ciudades values(null,'San Jerónimo Coatlán ','OAX');
Insert into ciudades values(null,'San Jerónimo Silacayoapilla ','OAX');
Insert into ciudades values(null,'San Jerónimo Sosola ','OAX');
Insert into ciudades values(null,'San Jerónimo Taviche ','OAX');
Insert into ciudades values(null,'San Jerónimo Tecóatl ','OAX');
Insert into ciudades values(null,'San Jorge Nuchita ','OAX');
Insert into ciudades values(null,'San José Ayuquila ','OAX');
Insert into ciudades values(null,'San José Chiltepec','OAX');
Insert into ciudades values(null,'San José del Peñasco ','OAX');
Insert into ciudades values(null,'San José Estancia Grande ','OAX');
Insert into ciudades values(null,'San José Independencia ','OAX');
Insert into ciudades values(null,'San José Lachiguiri ','OAX');
Insert into ciudades values(null,'San José Tenango ','OAX');
Insert into ciudades values(null,'San Juan Achiutla ','OAX');
Insert into ciudades values(null,'San Juan Atepec ','OAX');
Insert into ciudades values(null,'Ánimas Trujano ','OAX');
Insert into ciudades values(null,'San Juan Bautista Atatlahuca ','OAX');
Insert into ciudades values(null,'San Juan Bautista Coixtlahuaca ','OAX');
Insert into ciudades values(null,'San Juan Bautista Cuicatlán','OAX');
Insert into ciudades values(null,'San Juan Bautista Guelache','OAX');
Insert into ciudades values(null,'San Juan Bautista Jayacatlán ','OAX');
Insert into ciudades values(null,'San Juan Bautista Lo de Soto ','OAX');
Insert into ciudades values(null,'San Juan Bautista Suchitepec ','OAX');
Insert into ciudades values(null,'San Juan Bautista Tlacoatzintepec ','OAX');
Insert into ciudades values(null,'San Juan Bautista Tlachichilco ','OAX');
Insert into ciudades values(null,'San Juan Bautista Tuxtepec','OAX');
Insert into ciudades values(null,'San Juan Cacahuatepec','OAX');
Insert into ciudades values(null,'San Juan Cieneguilla ','OAX');
Insert into ciudades values(null,'San Juan Coatzóspam ','OAX');
Insert into ciudades values(null,'San Juan Colorado','OAX');
Insert into ciudades values(null,'San Juan Comaltepec','OAX');
Insert into ciudades values(null,'San Juan Cotzocón','OAX');
Insert into ciudades values(null,'San Juan Chicomezúchil ','OAX');
Insert into ciudades values(null,'San Juan Chilateca ','OAX');
Insert into ciudades values(null,'San Juan del Estado ','OAX');
Insert into ciudades values(null,'San Juan del Río','OAX');
Insert into ciudades values(null,'San Juan Diuxi ','OAX');
Insert into ciudades values(null,'San Juan Evangelista Analco ','OAX');
Insert into ciudades values(null,'San Juan Guelavía ','OAX');
Insert into ciudades values(null,'San Juan Guichicovi','OAX');
Insert into ciudades values(null,'San Juan Ihualtepec ','OAX');
Insert into ciudades values(null,'San Juan Juquila Mixes ','OAX');
Insert into ciudades values(null,'San Juan Juquila Vijanos ','OAX');
Insert into ciudades values(null,'San Juan Lachao ','OAX');
Insert into ciudades values(null,'San Juan Lachigalla ','OAX');
Insert into ciudades values(null,'San Juan Lajarcia ','OAX');
Insert into ciudades values(null,'San Juan Lalana ','OAX');
Insert into ciudades values(null,'San Juan de los Cués ','OAX');
Insert into ciudades values(null,'San Juan Mazatlán','OAX');
Insert into ciudades values(null,'San Juan Mixtepec','OAX');
Insert into ciudades values(null,'San Juan Mixtepec ','OAX');
Insert into ciudades values(null,'San Juan Ñumí','OAX');
Insert into ciudades values(null,'San Juan Ozolotepec ','OAX');
Insert into ciudades values(null,'San Juan Petlapa ','OAX');
Insert into ciudades values(null,'San Juan Quiahije','OAX');
Insert into ciudades values(null,'San Juan Quiotepec ','OAX');
Insert into ciudades values(null,'San Juan Sayultepec ','OAX');
Insert into ciudades values(null,'San Juan Tabaá ','OAX');
Insert into ciudades values(null,'San Juan Tamazola ','OAX');
Insert into ciudades values(null,'San Juan Teita ','OAX');
Insert into ciudades values(null,'San Juan Teitipac ','OAX');
Insert into ciudades values(null,'San Juan Tepeuxila ','OAX');
Insert into ciudades values(null,'San Juan Teposcolula ','OAX');
Insert into ciudades values(null,'San Juan Yaeé ','OAX');
Insert into ciudades values(null,'San Juan Yatzona ','OAX');
Insert into ciudades values(null,'San Juan Yucuita ','OAX');
Insert into ciudades values(null,'San Lorenzo','OAX');
Insert into ciudades values(null,'San Lorenzo Albarradas ','OAX');
Insert into ciudades values(null,'San Lorenzo Cacaotepec','OAX');
Insert into ciudades values(null,'San Lorenzo Cuaunecuiltitla ','OAX');
Insert into ciudades values(null,'San Lorenzo Texmelúcan ','OAX');
Insert into ciudades values(null,'San Lorenzo Victoria ','OAX');
Insert into ciudades values(null,'San Lucas Camotlán ','OAX');
Insert into ciudades values(null,'San Lucas Ojitlán ','OAX');
Insert into ciudades values(null,'San Lucas Quiaviní ','OAX');
Insert into ciudades values(null,'San Lucas Zoquiápam ','OAX');
Insert into ciudades values(null,'San Luis Amatlán ','OAX');
Insert into ciudades values(null,'San Marcial Ozolotepec ','OAX');
Insert into ciudades values(null,'San Marcos Arteaga ','OAX');
Insert into ciudades values(null,'San Martín de los Cansecos ','OAX');
Insert into ciudades values(null,'San Martín Huamelúlpam ','OAX');
Insert into ciudades values(null,'San Martín Itunyoso ','OAX');
Insert into ciudades values(null,'San Martín Lachilá ','OAX');
Insert into ciudades values(null,'San Martín Peras ','OAX');
Insert into ciudades values(null,'San Martín Tilcajete ','OAX');
Insert into ciudades values(null,'San Martín Toxpalan ','OAX');
Insert into ciudades values(null,'San Martín Zacatepec ','OAX');
Insert into ciudades values(null,'San Mateo Cajonos ','OAX');
Insert into ciudades values(null,'Capulálpam de Méndez ','OAX');
Insert into ciudades values(null,'San Mateo del Mar ','OAX');
Insert into ciudades values(null,'San Mateo Yoloxochitlán ','OAX');
Insert into ciudades values(null,'San Mateo Etlatongo ','OAX');
Insert into ciudades values(null,'San Mateo Nejápam ','OAX');
Insert into ciudades values(null,'San Mateo Peñasco ','OAX');
Insert into ciudades values(null,'San Mateo Piñas ','OAX');
Insert into ciudades values(null,'San Mateo Río Hondo ','OAX');
Insert into ciudades values(null,'San Mateo Sindihui ','OAX');
Insert into ciudades values(null,'San Mateo Tlapiltepec ','OAX');
Insert into ciudades values(null,'San Melchor Betaza ','OAX');
Insert into ciudades values(null,'San Miguel Achiutla ','OAX');
Insert into ciudades values(null,'San Miguel Ahuehuetitlán','OAX');
Insert into ciudades values(null,'San Miguel Aloápam ','OAX');
Insert into ciudades values(null,'San Miguel Amatitlán','OAX');
Insert into ciudades values(null,'San Miguel Amatlán ','OAX');
Insert into ciudades values(null,'San Miguel Coatlán ','OAX');
Insert into ciudades values(null,'San Miguel Chicahua ','OAX');
Insert into ciudades values(null,'San Miguel Chimalapa','OAX');
Insert into ciudades values(null,'San Miguel del Puerto','OAX');
Insert into ciudades values(null,'San Miguel del Río ','OAX');
Insert into ciudades values(null,'San Miguel Ejutla ','OAX');
Insert into ciudades values(null,'San Miguel el Grande ','OAX');
Insert into ciudades values(null,'San Miguel Huautla ','OAX');
Insert into ciudades values(null,'San Miguel Mixtepec ','OAX');
Insert into ciudades values(null,'San Miguel Panixtlahuaca ','OAX');
Insert into ciudades values(null,'San Miguel Peras ','OAX');
Insert into ciudades values(null,'San Miguel Piedras ','OAX');
Insert into ciudades values(null,'San Miguel Quetzaltepec','OAX');
Insert into ciudades values(null,'San Miguel Santa Flor ','OAX');
Insert into ciudades values(null,'Villa Sola de Vega','OAX');
Insert into ciudades values(null,'San Miguel Soyaltepec','OAX');
Insert into ciudades values(null,'San Miguel Suchixtepec ','OAX');
Insert into ciudades values(null,'Villa Talea de Castro ','OAX');
Insert into ciudades values(null,'San Miguel Tecomatlán ','OAX');
Insert into ciudades values(null,'San Miguel Tenango ','OAX');
Insert into ciudades values(null,'San Miguel Tequixtepec ','OAX');
Insert into ciudades values(null,'San Miguel Tilquiápam ','OAX');
Insert into ciudades values(null,'San Miguel Tlacamama ','OAX');
Insert into ciudades values(null,'San Miguel Tlacotepec ','OAX');
Insert into ciudades values(null,'San Miguel Tulancingo ','OAX');
Insert into ciudades values(null,'San Miguel Yotao ','OAX');
Insert into ciudades values(null,'San Nicolás ','OAX');
Insert into ciudades values(null,'San Nicolás Hidalgo ','OAX');
Insert into ciudades values(null,'San Pablo Coatlán ','OAX');
Insert into ciudades values(null,'San Pablo Cuatro Venados ','OAX');
Insert into ciudades values(null,'San Pablo Etla','OAX');
Insert into ciudades values(null,'San Pablo Huitzo','OAX');
Insert into ciudades values(null,'San Pablo Huixtepec','OAX');
Insert into ciudades values(null,'San Pablo Macuiltianguis ','OAX');
Insert into ciudades values(null,'San Pablo Tijaltepec ','OAX');
Insert into ciudades values(null,'San Pablo Villa de Mitla','OAX');
Insert into ciudades values(null,'San Pablo Yaganiza ','OAX');
Insert into ciudades values(null,'San Pedro Amuzgos','OAX');
Insert into ciudades values(null,'San Pedro Apóstol ','OAX');
Insert into ciudades values(null,'San Pedro Atoyac ','OAX');
Insert into ciudades values(null,'San Pedro Cajonos ','OAX');
Insert into ciudades values(null,'San Pedro Coxcaltepec Cántaros ','OAX');
Insert into ciudades values(null,'San Pedro Comitancillo ','OAX');
Insert into ciudades values(null,'San Pedro el Alto ','OAX');
Insert into ciudades values(null,'San Pedro Huamelula','OAX');
Insert into ciudades values(null,'San Pedro Huilotepec ','OAX');
Insert into ciudades values(null,'San Pedro Ixcatlán','OAX');
Insert into ciudades values(null,'San Pedro Ixtlahuaca','OAX');
Insert into ciudades values(null,'San Pedro Jaltepetongo ','OAX');
Insert into ciudades values(null,'San Pedro Jicayán','OAX');
Insert into ciudades values(null,'San Pedro Jocotipac ','OAX');
Insert into ciudades values(null,'San Pedro Juchatengo ','OAX');
Insert into ciudades values(null,'San Pedro Mártir ','OAX');
Insert into ciudades values(null,'San Pedro Mártir Quiechapa ','OAX');
Insert into ciudades values(null,'San Pedro Mártir Yucuxaco ','OAX');
Insert into ciudades values(null,'San Pedro Mixtepec','OAX');
Insert into ciudades values(null,'San Pedro Mixtepec ','OAX');
Insert into ciudades values(null,'San Pedro Molinos ','OAX');
Insert into ciudades values(null,'San Pedro Nopala ','OAX');
Insert into ciudades values(null,'San Pedro Ocopetatillo ','OAX');
Insert into ciudades values(null,'San Pedro Ocotepec ','OAX');
Insert into ciudades values(null,'San Pedro Pochutla','OAX');
Insert into ciudades values(null,'San Pedro Quiatoni ','OAX');
Insert into ciudades values(null,'San Pedro Sochiápam ','OAX');
Insert into ciudades values(null,'San Pedro Tapanatepec','OAX');
Insert into ciudades values(null,'San Pedro Taviche','OAX');
Insert into ciudades values(null,'San Pedro Teozacoalco ','OAX');
Insert into ciudades values(null,'San Pedro Teutila ','OAX');
Insert into ciudades values(null,'San Pedro Tidaá ','OAX');
Insert into ciudades values(null,'San Pedro Topiltepec ','OAX');
Insert into ciudades values(null,'San Pedro Totolápam ','OAX');
Insert into ciudades values(null,'Villa de Tututepec de Melchor Ocampo','OAX');
Insert into ciudades values(null,'San Pedro Yaneri ','OAX');
Insert into ciudades values(null,'San Pedro Yólox ','OAX');
Insert into ciudades values(null,'San Pedro y San Pablo Ayutla ','OAX');
Insert into ciudades values(null,'Villa de Etla','OAX');
Insert into ciudades values(null,'San Pedro y San Pablo Teposcolula ','OAX');
Insert into ciudades values(null,'San Pedro y San Pablo Tequixtepec ','OAX');
Insert into ciudades values(null,'San Pedro Yucunama ','OAX');
Insert into ciudades values(null,'San Raymundo Jalpan ','OAX');
Insert into ciudades values(null,'San Sebastián Abasolo ','OAX');
Insert into ciudades values(null,'San Sebastián Coatlán ','OAX');
Insert into ciudades values(null,'San Sebastián Ixcapa ','OAX');
Insert into ciudades values(null,'San Sebastián Nicananduta ','OAX');
Insert into ciudades values(null,'San Sebastián Río Hondo ','OAX');
Insert into ciudades values(null,'San Sebastián Tecomaxtlahuaca','OAX');
Insert into ciudades values(null,'San Sebastián Teitipac ','OAX');
Insert into ciudades values(null,'San Sebastián Tutla','OAX');
Insert into ciudades values(null,'San Simón Almolongas ','OAX');
Insert into ciudades values(null,'San Simón Zahuatlán ','OAX');
Insert into ciudades values(null,'Santa Ana ','OAX');
Insert into ciudades values(null,'Santa Ana Ateixtlahuaca ','OAX');
Insert into ciudades values(null,'Santa Ana Cuauhtémoc ','OAX');
Insert into ciudades values(null,'Santa Ana del Valle','OAX');
Insert into ciudades values(null,'Santa Ana Tavela ','OAX');
Insert into ciudades values(null,'Santa Ana Tlapacoyan ','OAX');
Insert into ciudades values(null,'Santa Ana Yareni ','OAX');
Insert into ciudades values(null,'Santa Ana Zegache ','OAX');
Insert into ciudades values(null,'Santa Catalina Quierí ','OAX');
Insert into ciudades values(null,'Santa Catarina Cuixtla ','OAX');
Insert into ciudades values(null,'Santa Catarina Ixtepeji ','OAX');
Insert into ciudades values(null,'Santa Catarina Juquila','OAX');
Insert into ciudades values(null,'Santa Catarina Lachatao ','OAX');
Insert into ciudades values(null,'Santa Catarina Loxicha ','OAX');
Insert into ciudades values(null,'Santa Catarina Mechoacán ','OAX');
Insert into ciudades values(null,'Santa Catarina Minas ','OAX');
Insert into ciudades values(null,'Santa Catarina Quiané ','OAX');
Insert into ciudades values(null,'Santa Catarina Tayata ','OAX');
Insert into ciudades values(null,'Santa Catarina Ticuá','OAX');
Insert into ciudades values(null,'Santa Catarina Yosonotú ','OAX');
Insert into ciudades values(null,'Santa Catarina Zapoquila ','OAX');
Insert into ciudades values(null,'Santa Cruz Acatepec ','OAX');
Insert into ciudades values(null,'Santa Cruz Amilpas','OAX');
Insert into ciudades values(null,'Santa Cruz de Bravo ','OAX');
Insert into ciudades values(null,'Santa Cruz Itundujia','OAX');
Insert into ciudades values(null,'Santa Cruz Mixtepec ','OAX');
Insert into ciudades values(null,'Santa Cruz Nundaco ','OAX');
Insert into ciudades values(null,'Santa Cruz Papalutla ','OAX');
Insert into ciudades values(null,'Santa Cruz Tacache de Mina ','OAX');
Insert into ciudades values(null,'Santa Cruz Tacahua ','OAX');
Insert into ciudades values(null,'Santa Cruz Tayata ','OAX');
Insert into ciudades values(null,'Santa Cruz Xitla ','OAX');
Insert into ciudades values(null,'Santa Cruz Xoxocotlán','OAX');
Insert into ciudades values(null,'Santa Cruz Zenzontepec ','OAX');
Insert into ciudades values(null,'Santa Gertrudis ','OAX');
Insert into ciudades values(null,'Santa Inés del Monte ','OAX');
Insert into ciudades values(null,'Santa Inés Yatzeche ','OAX');
Insert into ciudades values(null,'Santa Lucía del Camino','OAX');
Insert into ciudades values(null,'Santa Lucía Miahuatlán ','OAX');
Insert into ciudades values(null,'Santa Lucía Monteverde','OAX');
Insert into ciudades values(null,'Santa Lucía Ocotlán ','OAX');
Insert into ciudades values(null,'Santa María Alotepec ','OAX');
Insert into ciudades values(null,'Santa María Apazco ','OAX');
Insert into ciudades values(null,'Santa María la Asunción ','OAX');
Insert into ciudades values(null,'Heroica Ciudad de Tlaxiaco','OAX');
Insert into ciudades values(null,'Ayoquezco de Aldama ','OAX');
Insert into ciudades values(null,'Santa María Atzompa','OAX');
Insert into ciudades values(null,'Santa María Camotlán ','OAX');
Insert into ciudades values(null,'Santa María Colotepec','OAX');
Insert into ciudades values(null,'Santa María Cortijo ','OAX');
Insert into ciudades values(null,'Santa María Coyotepec ','OAX');
Insert into ciudades values(null,'Santa María Chachoápam ','OAX');
Insert into ciudades values(null,'405 Villa de Chilapa de Díaz ','OAX');
Insert into ciudades values(null,'Santa María Chilchotla ','OAX');
Insert into ciudades values(null,'Santa María Chimalapa ','OAX');
Insert into ciudades values(null,'Santa María del Rosario ','OAX');
Insert into ciudades values(null,'Santa María del Tule','OAX');
Insert into ciudades values(null,'Santa María Ecatepec ','OAX');
Insert into ciudades values(null,'Santa María Guelacé ','OAX');
Insert into ciudades values(null,'Santa María Guienagati ','OAX');
Insert into ciudades values(null,'Santa María Huatulco','OAX');
Insert into ciudades values(null,'Santa María Huazolotitlán  ','OAX');
Insert into ciudades values(null,'Santa María Ipalapa ','OAX');
Insert into ciudades values(null,'Santa María Ixcatlán ','OAX');
Insert into ciudades values(null,'Santa María Jacatepec','OAX');
Insert into ciudades values(null,'Santa María Jalapa del Marqués','OAX');
Insert into ciudades values(null,'Santa María Jaltianguis ','OAX');
Insert into ciudades values(null,'Santa María Lachixío ','OAX');
Insert into ciudades values(null,'Santa María Mixtequilla ','OAX');
Insert into ciudades values(null,'Santa María Nativitas ','OAX');
Insert into ciudades values(null,'Santa María Nduayaco ','OAX');
Insert into ciudades values(null,'Santa María Ozolotepec ','OAX');
Insert into ciudades values(null,'Santa María Pápalo ','OAX');
Insert into ciudades values(null,'Santa María Peñoles ','OAX');
Insert into ciudades values(null,'Santa María Petapa ','OAX');
Insert into ciudades values(null,'Santa María Quiegolani ','OAX');
Insert into ciudades values(null,'Santa María Sola ','OAX');
Insert into ciudades values(null,'Santa María Tataltepec ','OAX');
Insert into ciudades values(null,'Santa María Tecomavaca ','OAX');
Insert into ciudades values(null,'Santa María Temaxcalapa ','OAX');
Insert into ciudades values(null,'Santa María Temaxcaltepec ','OAX');
Insert into ciudades values(null,'Santa María Teopoxco ','OAX');
Insert into ciudades values(null,'Santa María Tepantlali ','OAX');
Insert into ciudades values(null,'Santa María Texcatitlán ','OAX');
Insert into ciudades values(null,'Santa María Tlahuitoltepec ','OAX');
Insert into ciudades values(null,'Santa María Tlalixtac ','OAX');
Insert into ciudades values(null,'Santa María Tonameca','OAX');
Insert into ciudades values(null,'Santa María Totolapilla ','OAX');
Insert into ciudades values(null,'Santa María Xadani','OAX');
Insert into ciudades values(null,'Santa María Yalina ','OAX');
Insert into ciudades values(null,'Santa María Yavesía ','OAX');
Insert into ciudades values(null,'Santa María Yolotepec ','OAX');
Insert into ciudades values(null,'Santa María Yosoyúa ','OAX');
Insert into ciudades values(null,'Santa María Yucuhiti','OAX');
Insert into ciudades values(null,'Santa María Zacatepec','OAX');
Insert into ciudades values(null,'Santa María Zaniza ','OAX');
Insert into ciudades values(null,'Santa María Zoquitlán ','OAX');
Insert into ciudades values(null,'Santiago Amoltepec ','OAX');
Insert into ciudades values(null,'Santiago Apoala ','OAX');
Insert into ciudades values(null,'Santiago Apóstol ','OAX');
Insert into ciudades values(null,'Santiago Astata ','OAX');
Insert into ciudades values(null,'Santiago Atitlán ','OAX');
Insert into ciudades values(null,'Santiago Ayuquililla ','OAX');
Insert into ciudades values(null,'Santiago Cacaloxtepec ','OAX');
Insert into ciudades values(null,'Santiago Camotlán ','OAX');
Insert into ciudades values(null,'Santiago Comaltepec ','OAX');
Insert into ciudades values(null,'Santiago Chazumba','OAX');
Insert into ciudades values(null,'Santiago Choápam ','OAX');
Insert into ciudades values(null,'Santiago del Río ','OAX');
Insert into ciudades values(null,'Santiago Huajolotitlán ','OAX');
Insert into ciudades values(null,'Santiago Huauclilla','OAX');
Insert into ciudades values(null,'Santiago Ihuitlán Plumas ','OAX');
Insert into ciudades values(null,'Santiago Ixcuintepec ','OAX');
Insert into ciudades values(null,'Santiago Ixtayutla ','OAX');
Insert into ciudades values(null,'Santiago Jamiltepec','OAX');
Insert into ciudades values(null,'Santiago Jocotepec','OAX');
Insert into ciudades values(null,'Santiago Juxtlahuaca','OAX');
Insert into ciudades values(null,'Santiago Lachiguiri','OAX');
Insert into ciudades values(null,'Santiago Lalopa ','OAX');
Insert into ciudades values(null,'Santiago Laollaga ','OAX');
Insert into ciudades values(null,'Santiago Laxopa ','OAX');
Insert into ciudades values(null,'Santiago Llano Grande ','OAX');
Insert into ciudades values(null,'Santiago Matatlán','OAX');
Insert into ciudades values(null,'Santiago Miltepec ','OAX');
Insert into ciudades values(null,'Santiago Minas ','OAX');
Insert into ciudades values(null,'Santiago Nacaltepec ','OAX');
Insert into ciudades values(null,'Santiago Nejapilla ','OAX');
Insert into ciudades values(null,'Santiago Nundiche ','OAX');
Insert into ciudades values(null,'Santiago Nuyoó ','OAX');
Insert into ciudades values(null,'Santiago Pinotepa Nacional','OAX');
Insert into ciudades values(null,'Santiago Suchilquitongo','OAX');
Insert into ciudades values(null,'Santiago Tamazola ','OAX');
Insert into ciudades values(null,'Santiago Tapextla ','OAX');
Insert into ciudades values(null,'Villa Tejúpam de la Unión ','OAX');
Insert into ciudades values(null,'Santiago Tenango ','OAX');
Insert into ciudades values(null,'Santiago Tepetlapa ','OAX');
Insert into ciudades values(null,'Santiago Tetepec ','OAX');
Insert into ciudades values(null,'Santiago Texcalcingo ','OAX');
Insert into ciudades values(null,'Santiago Textitlán ','OAX');
Insert into ciudades values(null,'Santiago Tilantongo ','OAX');
Insert into ciudades values(null,'Santiago Tillo ','OAX');
Insert into ciudades values(null,'Santiago Tlazoyaltepec ','OAX');
Insert into ciudades values(null,'Santiago Xanica ','OAX');
Insert into ciudades values(null,'Santiago Xiacuí ','OAX');
Insert into ciudades values(null,'Santiago Yaitepec ','OAX');
Insert into ciudades values(null,'Santiago Yaveo','OAX');
Insert into ciudades values(null,'Santiago Yolomécatl ','OAX');
Insert into ciudades values(null,'Santiago Yosondúa','OAX');
Insert into ciudades values(null,'Santiago Yucuyachi ','OAX');
Insert into ciudades values(null,'Santiago Zacatepec ','OAX');
Insert into ciudades values(null,'Santiago Zoochila ','OAX');
Insert into ciudades values(null,'Nuevo Zoquiápam ','OAX');
Insert into ciudades values(null,'Santo Domingo Ingenio','OAX');
Insert into ciudades values(null,'Santo Domingo Albarradas ','OAX');
Insert into ciudades values(null,'Santo Domingo Armenta ','OAX');
Insert into ciudades values(null,'Santo Domingo Chihuitán ','OAX');
Insert into ciudades values(null,'Santo Domingo de Morelos ','OAX');
Insert into ciudades values(null,'Santo Domingo Ixcatlán ','OAX');
Insert into ciudades values(null,'Santo Domingo Nuxaá ','OAX');
Insert into ciudades values(null,'Santo Domingo Ozolotepec ','OAX');
Insert into ciudades values(null,'Santo Domingo Petapa','OAX');
Insert into ciudades values(null,'Santo Domingo Roayaga ','OAX');
Insert into ciudades values(null,'Santo Domingo Tehuantepec','OAX');
Insert into ciudades values(null,'Santo Domingo Teojomulco ','OAX');
Insert into ciudades values(null,'Santo Domingo Tepuxtepec ','OAX');
Insert into ciudades values(null,'Santo Domingo Tlatayápam ','OAX');
Insert into ciudades values(null,'Santo Domingo Tomaltepec ','OAX');
Insert into ciudades values(null,'Santo Domingo Tonalá','OAX');
Insert into ciudades values(null,'Santo Domingo Tonaltepec ','OAX');
Insert into ciudades values(null,'Santo Domingo Xagacía ','OAX');
Insert into ciudades values(null,'Santo Domingo Yanhuitlán ','OAX');
Insert into ciudades values(null,'Santo Domingo Yodohino ','OAX');
Insert into ciudades values(null,'Santo Domingo Zanatepec','OAX');
Insert into ciudades values(null,'Santos Reyes Nopala','OAX');
Insert into ciudades values(null,'Santos Reyes Pápalo ','OAX');
Insert into ciudades values(null,'Santos Reyes Tepejillo ','OAX');
Insert into ciudades values(null,'Santos Reyes Yucuná ','OAX');
Insert into ciudades values(null,'Santo Tomás Jalieza','OAX');
Insert into ciudades values(null,'Santo Tomás Mazaltepec ','OAX');
Insert into ciudades values(null,'Santo Tomás Ocotepec ','OAX');
Insert into ciudades values(null,'Santo Tomás Tamazulapan','OAX');
Insert into ciudades values(null,'San Vicente Coatlán ','OAX');
Insert into ciudades values(null,'San Vicente Lachixío ','OAX');
Insert into ciudades values(null,'San Vicente Nuñú ','OAX');
Insert into ciudades values(null,'Silacayoápam','OAX');
Insert into ciudades values(null,'Sitio de Xitlapehua ','OAX');
Insert into ciudades values(null,'Soledad Etla ','OAX');
Insert into ciudades values(null,'Villa de Tamazulápam del Progreso','OAX');
Insert into ciudades values(null,'Tanetze de Zaragoza ','OAX');
Insert into ciudades values(null,'Taniche ','OAX');
Insert into ciudades values(null,'Tataltepec de Valdés ','OAX');
Insert into ciudades values(null,'Teococuilco de Marcos Pérez ','OAX');
Insert into ciudades values(null,'Teotitlán de Flores Magón','OAX');
Insert into ciudades values(null,'Teotitlán del Valle','OAX');
Insert into ciudades values(null,'Teotongo','OAX');
Insert into ciudades values(null,'Tepelmeme Villa de Morelos','OAX');
Insert into ciudades values(null,'Heroica Villa Tezoatlán de Segura y Luna, Cuna de la Independencia de Oaxaca','OAX');
Insert into ciudades values(null,'San Jerónimo Tlacochahuaya','OAX');
Insert into ciudades values(null,'Tlacolula de Matamoros','OAX');
Insert into ciudades values(null,'Tlacotepec Plumas ','OAX');
Insert into ciudades values(null,'Tlalixtac de Cabrera','OAX');
Insert into ciudades values(null,'Totontepec Villa de Morelos ','OAX');
Insert into ciudades values(null,'Trinidad Zaachila ','OAX');
Insert into ciudades values(null,'La Trinidad Vista Hermosa ','OAX');
Insert into ciudades values(null,'Unión Hidalgo','OAX');
Insert into ciudades values(null,'Valerio Trujano ','OAX');
Insert into ciudades values(null,'San Juan Bautista Valle Nacional','OAX');
Insert into ciudades values(null,'Villa Díaz Ordaz','OAX');
Insert into ciudades values(null,'Yaxe ','OAX');
Insert into ciudades values(null,'Magdalena Yodocono de Porfirio Díaz ','OAX');
Insert into ciudades values(null,'Yogana ','OAX');
Insert into ciudades values(null,'Yutanduchi de Guerrero ','OAX');
Insert into ciudades values(null,'Villa de Zaachila','OAX');
Insert into ciudades values(null,'San Mateo Yucutindoo ','OAX');
Insert into ciudades values(null,'Zapotitlán Lagunas ','OAX');
Insert into ciudades values(null,'Zapotitlán Palmas ','OAX');
Insert into ciudades values(null,'Santa Inés de Zaragoza ','OAX');
Insert into ciudades values(null,'Zimatlán de Álvarez','OAX');

#END REGION
#REGION PUEBLA
Insert into ciudades values(null,'Acajete','PUE');
Insert into ciudades values(null,'Acateno','PUE');
Insert into ciudades values(null,'Acatlán','PUE');
Insert into ciudades values(null,'Acatzingo','PUE');
Insert into ciudades values(null,'Acteopan ','PUE');
Insert into ciudades values(null,'Ahuacatlán','PUE');
Insert into ciudades values(null,'Ahuatlán ','PUE');
Insert into ciudades values(null,'Ahuazotepec','PUE');
Insert into ciudades values(null,'Ahuehuetitla ','PUE');
Insert into ciudades values(null,'Ajalpan','PUE');
Insert into ciudades values(null,'Albino Zertuche ','PUE');
Insert into ciudades values(null,'Aljojuca','PUE');
Insert into ciudades values(null,'Altepexi','PUE');
Insert into ciudades values(null,'Amixtlán ','PUE');
Insert into ciudades values(null,'Amozoc','PUE');
Insert into ciudades values(null,'Aquixtla','PUE');
Insert into ciudades values(null,'Atempan','PUE');
Insert into ciudades values(null,'Atexcal ','PUE');
Insert into ciudades values(null,'Atlequizayan ','PUE');
Insert into ciudades values(null,'Atlixco','PUE');
Insert into ciudades values(null,'Atoyatempan','PUE');
Insert into ciudades values(null,'Atzala ','PUE');
Insert into ciudades values(null,'Atzitzihuacán','PUE');
Insert into ciudades values(null,'Atzitzintla','PUE');
Insert into ciudades values(null,'Axutla ','PUE');
Insert into ciudades values(null,'Ayotoxco de Guerrero','PUE');
Insert into ciudades values(null,'Calpan','PUE');
Insert into ciudades values(null,'Caltepec ','PUE');
Insert into ciudades values(null,'Camocuautla ','PUE');
Insert into ciudades values(null,'Cañada Morelos','PUE');
Insert into ciudades values(null,'Caxhuacan ','PUE');
Insert into ciudades values(null,'Chalchicomula de Sesma','PUE');
Insert into ciudades values(null,'Chapulco','PUE');
Insert into ciudades values(null,'Chiautla','PUE');
Insert into ciudades values(null,'Chiautzingo','PUE');
Insert into ciudades values(null,'Chichiquila','PUE');
Insert into ciudades values(null,'Chiconcuautla','PUE');
Insert into ciudades values(null,'Chietla','PUE');
Insert into ciudades values(null,'Chigmecatitlán ','PUE');
Insert into ciudades values(null,'Chignahuapan','PUE');
Insert into ciudades values(null,'Chignautla','PUE');
Insert into ciudades values(null,'Chila ','PUE');
Insert into ciudades values(null,'Chila de la Sal ','PUE');
Insert into ciudades values(null,'Chilchotla','PUE');
Insert into ciudades values(null,'Chinantla ','PUE');
Insert into ciudades values(null,'Coatepec ','PUE');
Insert into ciudades values(null,'Coatzingo ','PUE');
Insert into ciudades values(null,'Cohetzala ','PUE');
Insert into ciudades values(null,'Cohuecan ','PUE');
Insert into ciudades values(null,'Coronango','PUE');
Insert into ciudades values(null,'Coxcatlán','PUE');
Insert into ciudades values(null,'Coyomeapan ','PUE');
Insert into ciudades values(null,'Coyotepec ','PUE');
Insert into ciudades values(null,'Cuapiaxtla de Madero','PUE');
Insert into ciudades values(null,'Cuautempan','PUE');
Insert into ciudades values(null,'Cuautinchán','PUE');
Insert into ciudades values(null,'Cuautlancingo','PUE');
Insert into ciudades values(null,'Cuayuca de Andrade ','PUE');
Insert into ciudades values(null,'Cuetzalan del Progreso','PUE');
Insert into ciudades values(null,'Cuyoaco','PUE');
Insert into ciudades values(null,'Domingo Arenas','PUE');
Insert into ciudades values(null,'Eloxochitlán ','PUE');
Insert into ciudades values(null,'Epatlán ','PUE');
Insert into ciudades values(null,'Esperanza','PUE');
Insert into ciudades values(null,'Francisco Z. Mena','PUE');
Insert into ciudades values(null,'General Felipe Ángeles','PUE');
Insert into ciudades values(null,'Guadalupe','PUE');
Insert into ciudades values(null,'Guadalupe Victoria','PUE');
Insert into ciudades values(null,'Hermenegildo Galeana','PUE');
Insert into ciudades values(null,'Honey','PUE');
Insert into ciudades values(null,'Huaquechula','PUE');
Insert into ciudades values(null,'Huatlatlauca','PUE');
Insert into ciudades values(null,'Huauchinango','PUE');
Insert into ciudades values(null,'Huehuetla','PUE');
Insert into ciudades values(null,'Huehuetlán el Chico','PUE');
Insert into ciudades values(null,'Huehuetlán el Grande','PUE');
Insert into ciudades values(null,'Huejotzingo','PUE');
Insert into ciudades values(null,'Hueyapan','PUE');
Insert into ciudades values(null,'Hueytamalco','PUE');
Insert into ciudades values(null,'Hueytlalpan ','PUE');
Insert into ciudades values(null,'Huitzilan de Serdán','PUE');
Insert into ciudades values(null,'Huitziltepec ','PUE');
Insert into ciudades values(null,'Ixcamilpa de Guerrero ','PUE');
Insert into ciudades values(null,'Ixcaquixtla','PUE');
Insert into ciudades values(null,'Ixtacamaxtitlán','PUE');
Insert into ciudades values(null,'Ixtepec','PUE');
Insert into ciudades values(null,'Izúcar de Matamoros','PUE');
Insert into ciudades values(null,'Jalpan','PUE');
Insert into ciudades values(null,'Jolalpan','PUE');
Insert into ciudades values(null,'Jonotla ','PUE');
Insert into ciudades values(null,'Jopala','PUE');
Insert into ciudades values(null,'Juan C. Bonilla','PUE');
Insert into ciudades values(null,'Juan Galindo','PUE');
Insert into ciudades values(null,'Juan N. Méndez ','PUE');
Insert into ciudades values(null,'La Magdalena Tlatlauquitepec ','PUE');
Insert into ciudades values(null,'Lafragua','PUE');
Insert into ciudades values(null,'Libres','PUE');
Insert into ciudades values(null,'Los Reyes de Juárez','PUE');
Insert into ciudades values(null,'Mazapiltepec de Juárez ','PUE');
Insert into ciudades values(null,'Mixtla ','PUE');
Insert into ciudades values(null,'Molcaxac','PUE');
Insert into ciudades values(null,'Naupan','PUE');
Insert into ciudades values(null,'Nauzontla ','PUE');
Insert into ciudades values(null,'Nealtican','PUE');
Insert into ciudades values(null,'Nicolás Bravo','PUE');
Insert into ciudades values(null,'Nopalucan','PUE');
Insert into ciudades values(null,'Ocotepec ','PUE');
Insert into ciudades values(null,'Ocoyucan','PUE');
Insert into ciudades values(null,'Olintla','PUE');
Insert into ciudades values(null,'Oriental','PUE');
Insert into ciudades values(null,'Pahuatlán','PUE');
Insert into ciudades values(null,'Palmar de Bravo','PUE');
Insert into ciudades values(null,'Pantepec','PUE');
Insert into ciudades values(null,'Petlalcingo','PUE');
Insert into ciudades values(null,'Piaxtla ','PUE');
Insert into ciudades values(null,'Puebla','PUE');
Insert into ciudades values(null,'Quecholac','PUE');
Insert into ciudades values(null,'Quimixtlán','PUE');
Insert into ciudades values(null,'Rafael Lara Grajales','PUE');
Insert into ciudades values(null,'San Andrés Cholula','PUE');
Insert into ciudades values(null,'San Antonio Cañada ','PUE');
Insert into ciudades values(null,'San Diego la Mesa Tochimiltzingo ','PUE');
Insert into ciudades values(null,'San Felipe Teotlalcingo','PUE');
Insert into ciudades values(null,'San Felipe Tepatlán ','PUE');
Insert into ciudades values(null,'San Gabriel Chilac','PUE');
Insert into ciudades values(null,'San Gregorio Atzompa','PUE');
Insert into ciudades values(null,'San Jerónimo Tecuanipan ','PUE');
Insert into ciudades values(null,'San Jerónimo Xayacatlán ','PUE');
Insert into ciudades values(null,'San José Chiapa','PUE');
Insert into ciudades values(null,'San José Miahuatlán','PUE');
Insert into ciudades values(null,'San Juan Atenco ','PUE');
Insert into ciudades values(null,'San Juan Atzompa ','PUE');
Insert into ciudades values(null,'San Martín Texmelucan','PUE');
Insert into ciudades values(null,'San Martín Totoltepec ','PUE');
Insert into ciudades values(null,'San Matías Tlalancaleca','PUE');
Insert into ciudades values(null,'San Miguel Ixitlán ','PUE');
Insert into ciudades values(null,'San Miguel Xoxtla','PUE');
Insert into ciudades values(null,'San Nicolás Buenos Aires','PUE');
Insert into ciudades values(null,'San Nicolás de los Ranchos ','PUE');
Insert into ciudades values(null,'San Pablo Anicano ','PUE');
Insert into ciudades values(null,'San Pedro Cholula','PUE');
Insert into ciudades values(null,'San Pedro Yeloixtlahuaca ','PUE');
Insert into ciudades values(null,'San Salvador el Seco','PUE');
Insert into ciudades values(null,'San Salvador el Verde','PUE');
Insert into ciudades values(null,'San Salvador Huixcolotla','PUE');
Insert into ciudades values(null,'San Sebastián Tlacotepec','PUE');
Insert into ciudades values(null,'Santa Catarina Tlaltempan ','PUE');
Insert into ciudades values(null,'Santa Inés Ahuatempan','PUE');
Insert into ciudades values(null,'Santa Isabel Cholula','PUE');
Insert into ciudades values(null,'Santiago Miahuatlán','PUE');
Insert into ciudades values(null,'Santo Tomás Hueyotlipan','PUE');
Insert into ciudades values(null,'Soltepec','PUE');
Insert into ciudades values(null,'Tecali de Herrera','PUE');
Insert into ciudades values(null,'Tecamachalco','PUE');
Insert into ciudades values(null,'Tecomatlán','PUE');
Insert into ciudades values(null,'Tehuacán','PUE');
Insert into ciudades values(null,'Tehuitzingo','PUE');
Insert into ciudades values(null,'Tenampulco','PUE');
Insert into ciudades values(null,'Teopantlán ','PUE');
Insert into ciudades values(null,'Teotlalco ','PUE');
Insert into ciudades values(null,'Tepanco de López','PUE');
Insert into ciudades values(null,'Tepango de Rodríguez ','PUE');
Insert into ciudades values(null,'Tepatlaxco de Hidalgo','PUE');
Insert into ciudades values(null,'Tepeaca','PUE');
Insert into ciudades values(null,'Tepemaxalco ','PUE');
Insert into ciudades values(null,'Tepeojuma','PUE');
Insert into ciudades values(null,'Tepetzintla','PUE');
Insert into ciudades values(null,'Tepexco','PUE');
Insert into ciudades values(null,'Tepexi de Rodríguez','PUE');
Insert into ciudades values(null,'Tepeyahualco','PUE');
Insert into ciudades values(null,'Tepeyahualco de Cuauhtémoc ','PUE');
Insert into ciudades values(null,'Tetela de Ocampo','PUE');
Insert into ciudades values(null,'Teteles de Avila Castillo','PUE');
Insert into ciudades values(null,'Teziutlán','PUE');
Insert into ciudades values(null,'Tianguismanalco','PUE');
Insert into ciudades values(null,'Tilapa','PUE');
Insert into ciudades values(null,'Tlachichuca','PUE');
Insert into ciudades values(null,'Tlacotepec de Benito Juárez','PUE');
Insert into ciudades values(null,'Tlacuilotepec','PUE');
Insert into ciudades values(null,'Tlahuapan','PUE');
Insert into ciudades values(null,'Tlaltenango','PUE');
Insert into ciudades values(null,'Tlanepantla ','PUE');
Insert into ciudades values(null,'Tlaola','PUE');
Insert into ciudades values(null,'Tlapacoya','PUE');
Insert into ciudades values(null,'Tlapanalá','PUE');
Insert into ciudades values(null,'Tlatlauquitepec','PUE');
Insert into ciudades values(null,'Tlaxco','PUE');
Insert into ciudades values(null,'Tochimilco','PUE');
Insert into ciudades values(null,'Tochtepec','PUE');
Insert into ciudades values(null,'Totoltepec de Guerrero ','PUE');
Insert into ciudades values(null,'Tulcingo','PUE');
Insert into ciudades values(null,'Tuzamapan de Galeana','PUE');
Insert into ciudades values(null,'Tzicatlacoyan','PUE');
Insert into ciudades values(null,'Venustiano Carranza','PUE');
Insert into ciudades values(null,'Vicente Guerrero ','PUE');
Insert into ciudades values(null,'Xayacatlán de Bravo ','PUE');
Insert into ciudades values(null,'Xicotepec','PUE');
Insert into ciudades values(null,'Xicotlán ','PUE');
Insert into ciudades values(null,'Xiutetelco','PUE');
Insert into ciudades values(null,'Xochiapulco ','PUE');
Insert into ciudades values(null,'Xochiltepec ','PUE');
Insert into ciudades values(null,'Xochitlán de Vicente Suárez','PUE');
Insert into ciudades values(null,'Xochitlán Todos Santos','PUE');
Insert into ciudades values(null,'Yaonáhuac','PUE');
Insert into ciudades values(null,'Yehualtepec','PUE');
Insert into ciudades values(null,'Zacapala ','PUE');
Insert into ciudades values(null,'Zacapoaxtla','PUE');
Insert into ciudades values(null,'Zacatlán','PUE');
Insert into ciudades values(null,'Zapotitlán','PUE');
Insert into ciudades values(null,'Zapotitlán de Méndez ','PUE');
Insert into ciudades values(null,'Zaragoza','PUE');
Insert into ciudades values(null,'Zautla','PUE');
Insert into ciudades values(null,'Zihuateutla','PUE');
Insert into ciudades values(null,'Zinacatepec','PUE');
Insert into ciudades values(null,'Zongozotla ','PUE');
Insert into ciudades values(null,'Zoquiapan ','PUE');
Insert into ciudades values(null,'Zoquitlán ','PUE');

#END REGION
#REGION QUERETARO
Insert into ciudades values(null,'Amealco de Bonfil','QUE');
Insert into ciudades values(null,'Pinal de Amoles','QUE');
Insert into ciudades values(null,'Arroyo Seco','QUE');
Insert into ciudades values(null,'Cadereyta de Montes','QUE');
Insert into ciudades values(null,'Colón','QUE');
Insert into ciudades values(null,'Corregidora','QUE');
Insert into ciudades values(null,'Ezequiel Montes','QUE');
Insert into ciudades values(null,'Huimilpan','QUE');
Insert into ciudades values(null,'Jalpan de Serra','QUE');
Insert into ciudades values(null,'Landa de Matamoros','QUE');
Insert into ciudades values(null,'El Marqués','QUE');
Insert into ciudades values(null,'Pedro Escobedo','QUE');
Insert into ciudades values(null,'Peñamiller','QUE');
Insert into ciudades values(null,'Querétaro','QUE');
Insert into ciudades values(null,'San Joaquín','QUE');
Insert into ciudades values(null,'San Juan del Río','QUE');
Insert into ciudades values(null,'Tequisquiapan','QUE');
Insert into ciudades values(null,'Tolimán','QUE');

#END REGION
#REGION QUINTANA ROO
Insert into ciudades values(null,'Cozumel','ROO');
Insert into ciudades values(null,'Felipe Carrillo Puerto','ROO');
Insert into ciudades values(null,'Isla Mujeres','ROO');
Insert into ciudades values(null,'Othón P. Blanco','ROO');
Insert into ciudades values(null,'Benito Juárez','ROO');
Insert into ciudades values(null,'José María Morelos','ROO');
Insert into ciudades values(null,'Lázaro Cárdenas','ROO');
Insert into ciudades values(null,'Solidaridad','ROO');
Insert into ciudades values(null,'Tulum','ROO');
Insert into ciudades values(null,'Bacalar','ROO');
Insert into ciudades values(null,'Puerto Morelos','ROO');

#END REGION
#REGION SAN LUIS POTOSI
Insert into ciudades values(null,'Ahualulco','SLP');
Insert into ciudades values(null,'Alaquines','SLP');
Insert into ciudades values(null,'Aquismón','SLP');
Insert into ciudades values(null,'Armadillo de los Infante','SLP');
Insert into ciudades values(null,'Axtla de Terrazas','SLP');
Insert into ciudades values(null,'Cárdenas','SLP');
Insert into ciudades values(null,'Catorce','SLP');
Insert into ciudades values(null,'Cedral','SLP');
Insert into ciudades values(null,'Cerritos','SLP');
Insert into ciudades values(null,'Cerro de San Pedro','SLP');
Insert into ciudades values(null,'Charcas','SLP');
Insert into ciudades values(null,'Ciudad del Maíz','SLP');
Insert into ciudades values(null,'Ciudad Fernández','SLP');
Insert into ciudades values(null,'Ciudad Valles','SLP');
Insert into ciudades values(null,'Coxcatlán','SLP');
Insert into ciudades values(null,'Ebano','SLP');
Insert into ciudades values(null,'El Naranjo','SLP');
Insert into ciudades values(null,'Guadalcázar','SLP');
Insert into ciudades values(null,'Huehuetlán','SLP');
Insert into ciudades values(null,'Lagunillas','SLP');
Insert into ciudades values(null,'Matehuala','SLP');
Insert into ciudades values(null,'Matlapa','SLP');
Insert into ciudades values(null,'Mexquitic de Carmona','SLP');
Insert into ciudades values(null,'Moctezuma','SLP');
Insert into ciudades values(null,'Rayón','SLP');
Insert into ciudades values(null,'Rioverde','SLP');
Insert into ciudades values(null,'Salinas','SLP');
Insert into ciudades values(null,'San Antonio','SLP');
Insert into ciudades values(null,'San Ciro de Acosta','SLP');
Insert into ciudades values(null,'San Luis Potosí','SLP');
Insert into ciudades values(null,'San Martín Chalchicuautla','SLP');
Insert into ciudades values(null,'San Nicolás Tolentino','SLP');
Insert into ciudades values(null,'San Vicente Tancuayalab','SLP');
Insert into ciudades values(null,'Santa Catarina','SLP');
Insert into ciudades values(null,'Santa María del Río','SLP');
Insert into ciudades values(null,'Santo Domingo','SLP');
Insert into ciudades values(null,'Soledad de Graciano Sánchez','SLP');
Insert into ciudades values(null,'Tamasopo','SLP');
Insert into ciudades values(null,'Tamazunchale','SLP');
Insert into ciudades values(null,'Tampacán','SLP');
Insert into ciudades values(null,'Tampamolón Corona','SLP');
Insert into ciudades values(null,'Tamuín','SLP');
Insert into ciudades values(null,'Tancanhuitz','SLP');
Insert into ciudades values(null,'Tanlajás','SLP');
Insert into ciudades values(null,'Tanquián de Escobedo','SLP');
Insert into ciudades values(null,'Tierra Nueva','SLP');
Insert into ciudades values(null,'Vanegas','SLP');
Insert into ciudades values(null,'Venado','SLP');
Insert into ciudades values(null,'Villa de Arista','SLP');
Insert into ciudades values(null,'Villa de Arriaga','SLP');
Insert into ciudades values(null,'Villa de Guadalupe','SLP');
Insert into ciudades values(null,'Villa de la Paz','SLP');
Insert into ciudades values(null,'Villa de Ramos','SLP');
Insert into ciudades values(null,'Villa de Reyes','SLP');
Insert into ciudades values(null,'Villa Hidalgo','SLP');
Insert into ciudades values(null,'Villa Juárez','SLP');
Insert into ciudades values(null,'Xilitla','SLP');
Insert into ciudades values(null,'Zaragoza','SLP');

#END REGION
#REGION SINALOA
Insert into ciudades values(null,'Ahome','SIN');
Insert into ciudades values(null,'Angostura','SIN');
Insert into ciudades values(null,'Badiraguato','SIN');
Insert into ciudades values(null,'Concordia','SIN');
Insert into ciudades values(null,'Cosalá','SIN');
Insert into ciudades values(null,'Culiacán','SIN');
Insert into ciudades values(null,'Choix','SIN');
Insert into ciudades values(null,'Elota','SIN');
Insert into ciudades values(null,'Escuinapa','SIN');
Insert into ciudades values(null,'El Fuerte','SIN');
Insert into ciudades values(null,'Guasave','SIN');
Insert into ciudades values(null,'Mazatlán','SIN');
Insert into ciudades values(null,'Mocorito','SIN');
Insert into ciudades values(null,'Rosario','SIN');
Insert into ciudades values(null,'Salvador Alvarado','SIN');
Insert into ciudades values(null,'San Ignacio','SIN');
Insert into ciudades values(null,'Sinaloa','SIN');
Insert into ciudades values(null,'Navolato','SIN');

#END REGION
#REGION SONORA
Insert into ciudades values(null,'Aconchi ','SON');
Insert into ciudades values(null,'Agua Prieta','SON');
Insert into ciudades values(null,'Alamos','SON');
Insert into ciudades values(null,'Altar','SON');
Insert into ciudades values(null,'Arivechi','SON');
Insert into ciudades values(null,'Arizpe','SON');
Insert into ciudades values(null,'Atil','SON');
Insert into ciudades values(null,'Bacadéhuachi','SON');
Insert into ciudades values(null,'Bacanora','SON');
Insert into ciudades values(null,'Bacerac','SON');
Insert into ciudades values(null,'Bacoachi','SON');
Insert into ciudades values(null,'Bácum','SON');
Insert into ciudades values(null,'Banámichi','SON');
Insert into ciudades values(null,'Baviácora','SON');
Insert into ciudades values(null,'Bavispe','SON');
Insert into ciudades values(null,'Benito Juárez','SON');
Insert into ciudades values(null,'Benjamín Hill','SON');
Insert into ciudades values(null,'Caborca','SON');
Insert into ciudades values(null,'Cajeme','SON');
Insert into ciudades values(null,'Cananea','SON');
Insert into ciudades values(null,'Carbó','SON');
Insert into ciudades values(null,'Cucurpe','SON');
Insert into ciudades values(null,'Cumpas','SON');
Insert into ciudades values(null,'Divisaderos','SON');
Insert into ciudades values(null,'Empalme','SON');
Insert into ciudades values(null,'Etchojoa','SON');
Insert into ciudades values(null,'Fronteras','SON');
Insert into ciudades values(null,'General Plutarco Elías Calles','SON');
Insert into ciudades values(null,'Granados','SON');
Insert into ciudades values(null,'Guaymas','SON');
Insert into ciudades values(null,'Hermosillo','SON');
Insert into ciudades values(null,'Huachinera ','SON');
Insert into ciudades values(null,'Huásabas','SON');
Insert into ciudades values(null,'Huatabampo','SON');
Insert into ciudades values(null,'Huépac','SON');
Insert into ciudades values(null,'Imuris','SON');
Insert into ciudades values(null,'La Colorada','SON');
Insert into ciudades values(null,'Magdalena','SON');
Insert into ciudades values(null,'Mazatán','SON');
Insert into ciudades values(null,'Moctezuma','SON');
Insert into ciudades values(null,'Naco','SON');
Insert into ciudades values(null,'Nácori Chico','SON');
Insert into ciudades values(null,'Nacozari de García','SON');
Insert into ciudades values(null,'Navojoa','SON');
Insert into ciudades values(null,'Nogales','SON');
Insert into ciudades values(null,'Onavas','SON');
Insert into ciudades values(null,'Opodepe','SON');
Insert into ciudades values(null,'Oquitoa','SON');
Insert into ciudades values(null,'Pitiquito','SON');
Insert into ciudades values(null,'Puerto Peñasco','SON');
Insert into ciudades values(null,'Quiriego','SON');
Insert into ciudades values(null,'Rayón','SON');
Insert into ciudades values(null,'Rosario','SON');
Insert into ciudades values(null,'Sahuaripa','SON');
Insert into ciudades values(null,'San Felipe de Jesús','SON');
Insert into ciudades values(null,'San Ignacio Río Muerto','SON');
Insert into ciudades values(null,'San Javier','SON');
Insert into ciudades values(null,'San Luis Río Colorado','SON');
Insert into ciudades values(null,'San Miguel de Horcasitas','SON');
Insert into ciudades values(null,'San Pedro de la Cueva','SON');
Insert into ciudades values(null,'Santa Ana','SON');
Insert into ciudades values(null,'Santa Cruz','SON');
Insert into ciudades values(null,'Sáric','SON');
Insert into ciudades values(null,'Soyopa','SON');
Insert into ciudades values(null,'Suaqui Grande','SON');
Insert into ciudades values(null,'Tepache','SON');
Insert into ciudades values(null,'Trincheras','SON');
Insert into ciudades values(null,'Tubutama','SON');
Insert into ciudades values(null,'Ures','SON');
Insert into ciudades values(null,'Villa Hidalgo','SON');
Insert into ciudades values(null,'Villa Pesqueira ','SON');
Insert into ciudades values(null,'Yécora','SON');

#END REGION
#REGION TABASCO
Insert into ciudades values(null,'Balancán','TAB');
Insert into ciudades values(null,'Cárdenas','TAB');
Insert into ciudades values(null,'Centla','TAB');
Insert into ciudades values(null,'Centro','TAB');
Insert into ciudades values(null,'Comalcalco','TAB');
Insert into ciudades values(null,'Cunduacán','TAB');
Insert into ciudades values(null,'Emiliano Zapata','TAB');
Insert into ciudades values(null,'Huimanguillo','TAB');
Insert into ciudades values(null,'Jalapa','TAB');
Insert into ciudades values(null,'Jalpa de Méndez','TAB');
Insert into ciudades values(null,'Jonuta','TAB');
Insert into ciudades values(null,'Macuspana','TAB');
Insert into ciudades values(null,'Nacajuca','TAB');
Insert into ciudades values(null,'Paraíso','TAB');
Insert into ciudades values(null,'Tacotalpa','TAB');
Insert into ciudades values(null,'Teapa','TAB');
Insert into ciudades values(null,'Tenosique','TAB');

#END REGION
#REGION TAMAULIPAS
Insert into ciudades values(null,'Abasolo','TAM');
Insert into ciudades values(null,'Aldama','TAM');
Insert into ciudades values(null,'Altamira','TAM');
Insert into ciudades values(null,'Antiguo Morelos','TAM');
Insert into ciudades values(null,'Burgos','TAM');
Insert into ciudades values(null,'Bustamante','TAM');
Insert into ciudades values(null,'Camargo','TAM');
Insert into ciudades values(null,'Casas','TAM');
Insert into ciudades values(null,'Ciudad Madero','TAM');
Insert into ciudades values(null,'Cruillas','TAM');
Insert into ciudades values(null,'El Mante','TAM');
Insert into ciudades values(null,'Gómez Farías','TAM');
Insert into ciudades values(null,'González','TAM');
Insert into ciudades values(null,'Güémez','TAM');
Insert into ciudades values(null,'Guerrero','TAM');
Insert into ciudades values(null,'Gustavo Díaz Ordaz','TAM');
Insert into ciudades values(null,'Hidalgo','TAM');
Insert into ciudades values(null,'Jaumave','TAM');
Insert into ciudades values(null,'Jiménez','TAM');
Insert into ciudades values(null,'Llera','TAM');
Insert into ciudades values(null,'Mainero','TAM');
Insert into ciudades values(null,'Matamoros','TAM');
Insert into ciudades values(null,'Méndez','TAM');
Insert into ciudades values(null,'Mier','TAM');
Insert into ciudades values(null,'Miguel Alemán','TAM');
Insert into ciudades values(null,'Miquihuana','TAM');
Insert into ciudades values(null,'Nuevo Laredo','TAM');
Insert into ciudades values(null,'Nuevo Morelos','TAM');
Insert into ciudades values(null,'Ocampo','TAM');
Insert into ciudades values(null,'Padilla','TAM');
Insert into ciudades values(null,'Palmillas','TAM');
Insert into ciudades values(null,'Reynosa','TAM');
Insert into ciudades values(null,'Río Bravo','TAM');
Insert into ciudades values(null,'San Carlos','TAM');
Insert into ciudades values(null,'San Fernando','TAM');
Insert into ciudades values(null,'San Nicolás','TAM');
Insert into ciudades values(null,'Soto la Marina','TAM');
Insert into ciudades values(null,'Tampico','TAM');
Insert into ciudades values(null,'Tula','TAM');
Insert into ciudades values(null,'Valle Hermoso','TAM');
Insert into ciudades values(null,'Victoria','TAM');
Insert into ciudades values(null,'Villagrán','TAM');
Insert into ciudades values(null,'Xicoténcatl','TAM');

#END REGION
#REGION TLAXCALA
Insert into ciudades values(null,'Amaxac de Guerrero','TLA');
Insert into ciudades values(null,'Apetatitlán de Antonio Carvajal','TLA');
Insert into ciudades values(null,'Atlangatepec','TLA');
Insert into ciudades values(null,'Atltzayanca','TLA');
Insert into ciudades values(null,'Apizaco','TLA');
Insert into ciudades values(null,'Calpulalpan','TLA');
Insert into ciudades values(null,'El Carmen Tequexquitla','TLA');
Insert into ciudades values(null,'Cuapiaxtla','TLA');
Insert into ciudades values(null,'Cuaxomulco','TLA');
Insert into ciudades values(null,'Chiautempan','TLA');
Insert into ciudades values(null,'Muñoz de Domingo Arenas','TLA');
Insert into ciudades values(null,'Españita','TLA');
Insert into ciudades values(null,'Huamantla','TLA');
Insert into ciudades values(null,'Hueyotlipan','TLA');
Insert into ciudades values(null,'Ixtacuixtla de Mariano Matamoros','TLA');
Insert into ciudades values(null,'Ixtenco','TLA');
Insert into ciudades values(null,'Mazatecochco de José María Morelos','TLA');
Insert into ciudades values(null,'Contla de Juan Cuamatzi','TLA');
Insert into ciudades values(null,'Tepetitla de Lardizábal','TLA');
Insert into ciudades values(null,'Sanctórum de Lázaro Cárdenas','TLA');
Insert into ciudades values(null,'Nanacamilpa de Mariano Arista','TLA');
Insert into ciudades values(null,'Acuamanala de Miguel Hidalgo','TLA');
Insert into ciudades values(null,'Natívitas','TLA');
Insert into ciudades values(null,'Panotla','TLA');
Insert into ciudades values(null,'San Pablo del Monte','TLA');
Insert into ciudades values(null,'Santa Cruz Tlaxcala','TLA');
Insert into ciudades values(null,'Tenancingo','TLA');
Insert into ciudades values(null,'Teolocholco','TLA');
Insert into ciudades values(null,'Tepeyanco','TLA');
Insert into ciudades values(null,'Terrenate','TLA');
Insert into ciudades values(null,'Tetla de la Solidaridad','TLA');
Insert into ciudades values(null,'Tetlatlahuca','TLA');
Insert into ciudades values(null,'Tlaxcala','TLA');
Insert into ciudades values(null,'Tlaxco','TLA');
Insert into ciudades values(null,'Tocatlán','TLA');
Insert into ciudades values(null,'Totolac','TLA');
Insert into ciudades values(null,'Ziltlaltépec de Trinidad Sánchez Santos','TLA');
Insert into ciudades values(null,'Tzompantepec','TLA');
Insert into ciudades values(null,'Xaloztoc','TLA');
Insert into ciudades values(null,'Xaltocan','TLA');
Insert into ciudades values(null,'Papalotla de Xicohténcatl','TLA');
Insert into ciudades values(null,'Xicohtzinco','TLA');
Insert into ciudades values(null,'Yauhquemehcan','TLA');
Insert into ciudades values(null,'Zacatelco','TLA');
Insert into ciudades values(null,'Benito Juárez','TLA');
Insert into ciudades values(null,'Emiliano Zapata','TLA');
Insert into ciudades values(null,'Lázaro Cárdenas','TLA');
Insert into ciudades values(null,'La Magdalena Tlaltelulco','TLA');
Insert into ciudades values(null,'San Damián Texóloc','TLA');
Insert into ciudades values(null,'San Francisco Tetlanohcan','TLA');
Insert into ciudades values(null,'San Jerónimo Zacualpan ','TLA');
Insert into ciudades values(null,'San José Teacalco ','TLA');
Insert into ciudades values(null,'San Juan Huactzinco','TLA');
Insert into ciudades values(null,'San Lorenzo Axocomanitla','TLA');
Insert into ciudades values(null,'San Lucas Tecopilco','TLA');

#END REGION
#REGION VERACRUZ
Insert into ciudades values(null,'Acajete','VER');
Insert into ciudades values(null,'Acatlán ','VER');
Insert into ciudades values(null,'Acayucan','VER');
Insert into ciudades values(null,'Actopan','VER');
Insert into ciudades values(null,'Acula','VER');
Insert into ciudades values(null,'Acultzingo','VER');
Insert into ciudades values(null,'Camarón de Tejeda','VER');
Insert into ciudades values(null,'Alpatláhuac','VER');
Insert into ciudades values(null,'Alto Lucero de Gutiérrez Barrios','VER');
Insert into ciudades values(null,'Altotonga','VER');
Insert into ciudades values(null,'Alvarado','VER');
Insert into ciudades values(null,'Amatitlán','VER');
Insert into ciudades values(null,'Naranjos Amatlán','VER');
Insert into ciudades values(null,'Amatlán de los Reyes','VER');
Insert into ciudades values(null,'Angel R. Cabada','VER');
Insert into ciudades values(null,'La Antigua','VER');
Insert into ciudades values(null,'Apazapan ','VER');
Insert into ciudades values(null,'Aquila ','VER');
Insert into ciudades values(null,'Astacinga ','VER');
Insert into ciudades values(null,'Atlahuilco','VER');
Insert into ciudades values(null,'Atoyac','VER');
Insert into ciudades values(null,'Atzacan','VER');
Insert into ciudades values(null,'Atzalan','VER');
Insert into ciudades values(null,'Tlaltetela','VER');

#END REGION
#REGION YUCATAN
Insert into ciudades values(null,'Abalá','YUC');
Insert into ciudades values(null,'Acanceh','YUC');
Insert into ciudades values(null,'Akil','YUC');
Insert into ciudades values(null,'Baca','YUC');
Insert into ciudades values(null,'Bokobá ','YUC');
Insert into ciudades values(null,'Buctzotz','YUC');
Insert into ciudades values(null,'Cacalchén','YUC');
Insert into ciudades values(null,'Calotmul ','YUC');
Insert into ciudades values(null,'Cansahcab','YUC');
Insert into ciudades values(null,'Cantamayec','YUC');
Insert into ciudades values(null,'Celestún','YUC');
Insert into ciudades values(null,'Cenotillo','YUC');
Insert into ciudades values(null,'Conkal','YUC');
Insert into ciudades values(null,'Cuncunul','YUC');
Insert into ciudades values(null,'Cuzamá','YUC');
Insert into ciudades values(null,'Chacsinkín','YUC');
Insert into ciudades values(null,'Chankom','YUC');
Insert into ciudades values(null,'Chapab','YUC');
Insert into ciudades values(null,'Chemax','YUC');
Insert into ciudades values(null,'Chicxulub Pueblo','YUC');
Insert into ciudades values(null,'Chichimilá','YUC');
Insert into ciudades values(null,'Chikindzonot','YUC');
Insert into ciudades values(null,'Chocholá','YUC');
Insert into ciudades values(null,'Chumayel','YUC');
Insert into ciudades values(null,'Dzán','YUC');
Insert into ciudades values(null,'Dzemul','YUC');
Insert into ciudades values(null,'Dzidzantún','YUC');
Insert into ciudades values(null,'Dzilam de Bravo','YUC');
Insert into ciudades values(null,'Dzilam González','YUC');
Insert into ciudades values(null,'Dzitás','YUC');
Insert into ciudades values(null,'Dzoncauich','YUC');
Insert into ciudades values(null,'Espita','YUC');
Insert into ciudades values(null,'Halachó','YUC');
Insert into ciudades values(null,'Hocabá','YUC');
Insert into ciudades values(null,'Hoctún','YUC');
Insert into ciudades values(null,'Homún','YUC');
Insert into ciudades values(null,'Huhí','YUC');
Insert into ciudades values(null,'Hunucmá','YUC');
Insert into ciudades values(null,'Ixil','YUC');
Insert into ciudades values(null,'Izamal','YUC');
Insert into ciudades values(null,'Kanasín','YUC');
Insert into ciudades values(null,'Kantunil','YUC');
Insert into ciudades values(null,'Kaua','YUC');
Insert into ciudades values(null,'Kinchil','YUC');
Insert into ciudades values(null,'Kopomá','YUC');
Insert into ciudades values(null,'Mama','YUC');
Insert into ciudades values(null,'Maní','YUC');
Insert into ciudades values(null,'Maxcanú','YUC');
Insert into ciudades values(null,'Mayapán','YUC');
Insert into ciudades values(null,'Mérida','YUC');
Insert into ciudades values(null,'Mocochá','YUC');
Insert into ciudades values(null,'Motul','YUC');
Insert into ciudades values(null,'Muna','YUC');
Insert into ciudades values(null,'Muxupip','YUC');
Insert into ciudades values(null,'Opichén','YUC');
Insert into ciudades values(null,'Oxkutzcab','YUC');
Insert into ciudades values(null,'Panabá','YUC');
Insert into ciudades values(null,'Peto','YUC');
Insert into ciudades values(null,'Progreso','YUC');
Insert into ciudades values(null,'Quintana Roo','YUC');
Insert into ciudades values(null,'Río Lagartos','YUC');
Insert into ciudades values(null,'Sacalum','YUC');
Insert into ciudades values(null,'Samahil','YUC');
Insert into ciudades values(null,'Sanahcat','YUC');
Insert into ciudades values(null,'San Felipe','YUC');
Insert into ciudades values(null,'Santa Elena','YUC');
Insert into ciudades values(null,'Seyé','YUC');
Insert into ciudades values(null,'Sinanché','YUC');
Insert into ciudades values(null,'Sotuta','YUC');
Insert into ciudades values(null,'Sucilá','YUC');
Insert into ciudades values(null,'Sudzal','YUC');
Insert into ciudades values(null,'Suma','YUC');
Insert into ciudades values(null,'Tahdziú','YUC');
Insert into ciudades values(null,'Tahmek','YUC');
Insert into ciudades values(null,'Teabo','YUC');
Insert into ciudades values(null,'Tecoh','YUC');
Insert into ciudades values(null,'Tekal de Venegas','YUC');
Insert into ciudades values(null,'Tekantó','YUC');
Insert into ciudades values(null,'Tekax','YUC');
Insert into ciudades values(null,'Tekit','YUC');
Insert into ciudades values(null,'Tekom','YUC');
Insert into ciudades values(null,'Telchac Pueblo','YUC');
Insert into ciudades values(null,'Telchac Puerto','YUC');
Insert into ciudades values(null,'Temax','YUC');
Insert into ciudades values(null,'Temozón','YUC');
Insert into ciudades values(null,'Tepakán','YUC');
Insert into ciudades values(null,'Tetiz','YUC');
Insert into ciudades values(null,'Teya','YUC');
Insert into ciudades values(null,'Ticul','YUC');
Insert into ciudades values(null,'Timucuy','YUC');
Insert into ciudades values(null,'Tinum','YUC');
Insert into ciudades values(null,'Tixcacalcupul','YUC');
Insert into ciudades values(null,'Tixkokob','YUC');
Insert into ciudades values(null,'Tixmehuac','YUC');
Insert into ciudades values(null,'Tixpéhual','YUC');
Insert into ciudades values(null,'Tizimín','YUC');
Insert into ciudades values(null,'Tunkás','YUC');
Insert into ciudades values(null,'Tzucacab','YUC');
Insert into ciudades values(null,'Uayma','YUC');
Insert into ciudades values(null,'Ucú','YUC');
Insert into ciudades values(null,'Umán','YUC');
Insert into ciudades values(null,'Valladolid','YUC');
Insert into ciudades values(null,'Xocchel','YUC');
Insert into ciudades values(null,'Yaxcabá','YUC');
Insert into ciudades values(null,'Yaxkukul','YUC');
Insert into ciudades values(null,'Yobaín','YUC');

#END REGION
#REGION ZACATECAS
Insert into ciudades values(null,'Apozol','ZAC');
Insert into ciudades values(null,'Apulco ','ZAC');
Insert into ciudades values(null,'Atolinga ','ZAC');
Insert into ciudades values(null,'Benito Juárez ','ZAC');
Insert into ciudades values(null,'Calera','ZAC');
Insert into ciudades values(null,'Cañitas de Felipe Pescador','ZAC');
Insert into ciudades values(null,'Concepción del Oro','ZAC');
Insert into ciudades values(null,'Cuauhtémoc','ZAC');
Insert into ciudades values(null,'Chalchihuites','ZAC');
Insert into ciudades values(null,'Fresnillo','ZAC');
Insert into ciudades values(null,'Trinidad García de la Cadena ','ZAC');
Insert into ciudades values(null,'Genaro Codina','ZAC');
Insert into ciudades values(null,'General Enrique Estrada','ZAC');
Insert into ciudades values(null,'General Francisco R. Murguía','ZAC');
Insert into ciudades values(null,'El Plateado de Joaquín Amaro ','ZAC');
Insert into ciudades values(null,'General Pánfilo Natera','ZAC');
Insert into ciudades values(null,'Guadalupe','ZAC');
Insert into ciudades values(null,'Huanusco ','ZAC');
Insert into ciudades values(null,'Jalpa','ZAC');
Insert into ciudades values(null,'Jerez','ZAC');
Insert into ciudades values(null,'Jiménez del Teul ','ZAC');
Insert into ciudades values(null,'Juan Aldama','ZAC');
Insert into ciudades values(null,'Juchipila','ZAC');
Insert into ciudades values(null,'Loreto','ZAC');
Insert into ciudades values(null,'Luis Moya','ZAC');
Insert into ciudades values(null,'Mazapil','ZAC');
Insert into ciudades values(null,'Melchor Ocampo ','ZAC');
Insert into ciudades values(null,'Mezquital del Oro ','ZAC');
Insert into ciudades values(null,'Miguel Auza','ZAC');
Insert into ciudades values(null,'Momax ','ZAC');
Insert into ciudades values(null,'Monte Escobedo','ZAC');
Insert into ciudades values(null,'Morelos','ZAC');
Insert into ciudades values(null,'Moyahua de Estrada','ZAC');
Insert into ciudades values(null,'Nochistlán de Mejía','ZAC');
Insert into ciudades values(null,'Noria de Ángeles','ZAC');
Insert into ciudades values(null,'Ojocaliente','ZAC');
Insert into ciudades values(null,'Pánuco','ZAC');
Insert into ciudades values(null,'Pinos','ZAC');
Insert into ciudades values(null,'Río Grande','ZAC');
Insert into ciudades values(null,'Sain Alto','ZAC');
Insert into ciudades values(null,'El Salvador ','ZAC');
Insert into ciudades values(null,'Sombrerete','ZAC');
Insert into ciudades values(null,'Susticacán ','ZAC');
Insert into ciudades values(null,'Tabasco','ZAC');
Insert into ciudades values(null,'Tepechitlán','ZAC');
Insert into ciudades values(null,'Tepetongo','ZAC');
Insert into ciudades values(null,'Teúl de González Ortega','ZAC');

#END REGION


#END REGION

drop table if exists profesores;

create table profesores(
ID int not null auto_increment primary key,

ncontrolm varchar(15) ,
nombre varchar(50),
apellidopaterno varchar(50),
apellidomaterno varchar(50),
direccion varchar(100),
ciudad varchar(50),
estado varchar(50),
ncedula varchar(20),
titulo varchar(50),
fechanacimiento varchar(50) );

insert into profesores values(null, 1,'D20181', 'Juan','Lopez','Perez','Progreso 36',
'Lagos de Moreno','JAL', '45yb8','ISC','08/09/1998');

drop table estudios;

create table estudios(
idestudio int primary key auto_increment,
estudio varchar(80),
anioestudio int,
documento varchar(100),
fk_profesor int,
foreign key (fk_profesor) references profesores(ID)
on delete cascade);



insert into estudios values(null,'Ingeniero en Sistemas Computacionales');



/*Consulta ID*/

 select max(substring(ncontrolm,6)) as Nextincremento from profesores where ncontrolm
               like '%" 2019 "%';

select ncontrolm max(substring(ncontrolm ,6)+1) as Nextincremento from profesores where ncontrolm
          like '%" 2019 "%';

select max(substring(ncontrolm, -2)+1) as Nextincremento from profesores where ncontrolm like '%"2018"%';


 
use empresa;


/*Tabla Escuela*/

create table escuela(
idescuela int AUTO_INCREMENT NOT NULL PRIMARY KEY,
nombre varchar(100),
rfc varchar(50),
domicilio varchar(100),
telefono varchar(15),
email varchar(50),
paginaweb varchar(100),
director varchar(100),
logo varchar(30));



insert into escuela values(null,'Tecnologico Mario Molina','123mdjop0wdwd','Lagos de Moreno','4741127718','Lagos@gmail.com','LagosTec.com','jdcvs','img.jpg');


/*Tabla Materias*/

drop table materias;
create table materias(

idmateria int not null auto_increment primary key,
clave varchar(15),
nombre varchar(80),
horast int,
horasp int,
creditos int,
semestre int,
anterior varchar(80),
siguiente varchar(80)
);

drop table materias;
insert into materias values(null, '','',0,0,0,0,'null','null');


drop table grupos;
create table grupos(
idgrupo int not null auto_increment primary key,
nombre varchar(10));

use empresa;
drop table agrupo;

create table agrupo(
idasig int not null auto_increment primary key,
grupo varchar(20),
alumno int,
nombre varchar(100));

drop table reparto;
create table reparto(
idreparto int not null auto_increment primary key,
grupo varchar(20),
fkprofesor varchar(15),
materia varchar(50));



insert into agrupo values(null, '',4);




Insert into agrupo values(null,'3ero B','2');


drop table calificaciones;
create table calificaciones(
idcalificacion int not null auto_increment primary key,
alumno varchar(30),
grupo varchar(15),
materia varchar(80),
uno int,
dos int,
tres int,
cuatro int);

create view v_calificacion as
select idcalificacion as 'ID', alumno as 'NControl', grupo as 'Grupo', materia as 'Materia', uno as 'Parcial 1', dos as 'Parcial 2', 
tres as 'Parcial 3', cuatro as 'Parcial 4' 



create view v_venta as
select folio as'Folio', fecha as 'Fecha', cliente.nombre as 'NombreCliente', apellidop as 
'ApellidoPaterno', apellidom as 'ApellidoMaterno', productos.nombre as 'Producto', 
venta.precio as 'Precio', 
cantidad as 'Cantidad' , (venta.precio * cantidad) as 'Total' from venta, productos, cliente
where venta.fkcliente = cliente.idcliente
and venta.fkproducto = productos.idproducto;



